-- MySQL dump 10.13  Distrib 9.1.0, for Win64 (x86_64)
--
-- Host: localhost    Database: test_db
-- ------------------------------------------------------
-- Server version	9.1.0

/*!40101 SET @OLD_CHARACTER_SET_CLIENT=@@CHARACTER_SET_CLIENT */;
/*!40101 SET @OLD_CHARACTER_SET_RESULTS=@@CHARACTER_SET_RESULTS */;
/*!40101 SET @OLD_COLLATION_CONNECTION=@@COLLATION_CONNECTION */;
/*!50503 SET NAMES utf8mb4 */;
/*!40103 SET @OLD_TIME_ZONE=@@TIME_ZONE */;
/*!40103 SET TIME_ZONE='+00:00' */;
/*!40014 SET @OLD_UNIQUE_CHECKS=@@UNIQUE_CHECKS, UNIQUE_CHECKS=0 */;
/*!40014 SET @OLD_FOREIGN_KEY_CHECKS=@@FOREIGN_KEY_CHECKS, FOREIGN_KEY_CHECKS=0 */;
/*!40101 SET @OLD_SQL_MODE=@@SQL_MODE, SQL_MODE='NO_AUTO_VALUE_ON_ZERO' */;
/*!40111 SET @OLD_SQL_NOTES=@@SQL_NOTES, SQL_NOTES=0 */;

--
-- Table structure for table `ig_poster`
--

DROP TABLE IF EXISTS `ig_poster`;
/*!40101 SET @saved_cs_client     = @@character_set_client */;
/*!50503 SET character_set_client = utf8mb4 */;
CREATE TABLE `ig_poster` (
  `poster_id` varchar(50) NOT NULL,
  `profile_link` varchar(100) DEFAULT NULL,
  `fan_num` int DEFAULT NULL,
  `following_num` int DEFAULT NULL,
  `post_num` int DEFAULT NULL,
  PRIMARY KEY (`poster_id`)
) ENGINE=InnoDB DEFAULT CHARSET=utf8mb4 COLLATE=utf8mb4_0900_ai_ci;
/*!40101 SET character_set_client = @saved_cs_client */;

--
-- Dumping data for table `ig_poster`
--

LOCK TABLES `ig_poster` WRITE;
/*!40000 ALTER TABLE `ig_poster` DISABLE KEYS */;
INSERT INTO `ig_poster` VALUES ('_153qq','https://www.instagram.com/_153qq/',15500,809,NULL),('_anna.yen_','https://www.instagram.com/_anna.yen_/',17800,876,NULL),('_cc.foodie_','https://www.instagram.com/_cc.foodie_/',8273,2929,1294),('_dream.007','https://www.instagram.com/_dream.007/',4365,422,32),('_lonely_foodie_','https://www.instagram.com/_lonely_foodie_/',3724,389,601),('27_food4','https://www.instagram.com/27_food4/',10300,973,NULL),('33_eater','https://www.instagram.com/33_eater/',6068,446,799),('alice.foodntravel','https://www.instagram.com/alice.foodntravel/',42200,940,NULL),('anna.y.t','https://www.instagram.com/anna.y.t/',2289,470,748),('apple07105','https://www.instagram.com/apple07105/',51100,28,NULL),('auroratravelergo','https://www.instagram.com/auroratravelergo/',5116,2409,183),('bao.foodaily','https://www.instagram.com/bao.foodaily/',13100,446,NULL),('bestfuchiko','https://www.instagram.com/bestfuchiko/',5257,408,927),('bk.liao','https://www.instagram.com/bk.liao/',122000,207,NULL),('blacksugar_twtraveler','https://www.instagram.com/blacksugar_twtraveler/',43200,557,NULL),('bobowingreg','https://www.instagram.com/bobowingreg/',13800,243,NULL),('bonnie_eating_diary','https://www.instagram.com/bonnie_eating_diary/',22800,263,NULL),('catherine1207__','https://www.instagram.com/catherine1207__/',25300,681,NULL),('cceat3','https://www.instagram.com/cceat3/',12100,65,NULL),('celine.2099','https://www.instagram.com/celine.2099/',56300,663,NULL),('charlie.z.t.h','https://www.instagram.com/charlie.z.t.h/',9157,787,668),('chupeioutsider','https://www.instagram.com/chupeioutsider/',6981,799,485),('cokexing','https://www.instagram.com/cokexing/',20400,1637,NULL),('daisy.the.foodie_','https://www.instagram.com/daisy.the.foodie_/',44600,399,NULL),('ddd_5277','https://www.instagram.com/ddd_5277/',1400,223,NULL),('delicacytravel','https://www.instagram.com/delicacytravel/',40600,2332,NULL),('eat_allen','https://www.instagram.com/eat_allen/',42600,659,NULL),('eat_fooddd','https://www.instagram.com/eat_fooddd/',30600,490,NULL),('eat.moondrgn','https://www.instagram.com/eat.moondrgn/',20500,432,NULL),('eat.play.loveee','https://www.instagram.com/eat.play.loveee/',20500,460,NULL),('f_ooood_','https://www.instagram.com/f_ooood_/',12500,597,NULL),('feimei_eat','https://www.instagram.com/feimei_eat/',61800,304,NULL),('food_eating0613','https://www.instagram.com/food_eating0613/',12300,351,NULL),('food_hunter68','https://www.instagram.com/food_hunter68/',12800,899,NULL),('foodie.taiwan','https://www.instagram.com/foodie.taiwan/',91300,965,NULL),('foodiemylife','https://www.instagram.com/foodiemylife/',71200,280,NULL),('foodieuyu.sns','https://www.instagram.com/foodieuyu.sns/',30700,517,NULL),('foodinlove.life','https://www.instagram.com/foodinlove.life/',11800,242,NULL),('foodtaichung_teddy','https://www.instagram.com/foodtaichung_teddy/',31100,727,NULL),('foodyammy','https://www.instagram.com/foodyammy/',1100,440,NULL),('greta.fd','https://www.instagram.com/greta.fd/',17900,18,NULL),('huni_travel','https://www.instagram.com/huni_travel/',777,270,216),('i_can_eat_more','https://www.instagram.com/i_can_eat_more/',24700,298,NULL),('i.am.olafood','https://www.instagram.com/i.am.olafood/',15700,518,NULL),('iamteresa0424','https://www.instagram.com/iamteresa0424/',39600,697,NULL),('jffff__','https://www.instagram.com/jffff__/',6059,2409,183),('jojoxdaily','https://www.instagram.com/jojoxdaily/',11500,689,NULL),('joy_foodaily','https://www.instagram.com/joy_foodaily/',4547,662,350),('judy._.foodiee','https://www.instagram.com/judy._.foodiee/',4644,164,197),('jycc___04','https://www.instagram.com/jycc___04/',4226,937,656),('kaohsiung_city','https://www.instagram.com/kaohsiung_city/',55300,465,NULL),('kaohsiungfood','https://www.instagram.com/kaohsiungfood/',17400,59,NULL),('kawakuru_168','https://www.instagram.com/kawakuru_168/',2657,6,45),('keke_foodietw','https://www.instagram.com/keke_foodietw/',19100,25,NULL),('littlecandyeateat','https://www.instagram.com/littlecandyeateat/',13600,549,NULL),('lunafoodie_','https://www.instagram.com/lunafoodie_/',4570,328,263),('middlerestro','https://www.instagram.com/middlerestro/',15200,602,NULL),('missjoey__food','https://www.instagram.com/missjoey__food/',22400,416,NULL),('mmjournal__','https://www.instagram.com/mmjournal__/',3686,487,338),('monaeat','https://www.instagram.com/monaeat/',1800,474,NULL),('mr.xx_foodie','https://www.instagram.com/mr.xx_foodie/',73100,280,NULL),('mumu_eatfood','https://www.instagram.com/mumu_eatfood/',23500,531,NULL),('nu_fooddiary','https://www.instagram.com/nu_fooddiary/',12500,948,NULL),('oxygen0301','https://www.instagram.com/oxygen0301/',26600,531,NULL),('peggy860508','https://www.instagram.com/peggy860508/',6600,497,NULL),('ray_foodie________','https://www.instagram.com/ray_foodie________/',4900,201,NULL),('rock_love_food','https://www.instagram.com/rock_love_food/',37100,285,NULL),('s9991016s','https://www.instagram.com/s9991016s/',4310,311,539),('satani_blog','https://www.instagram.com/satani_blog/',9600,361,NULL),('september__5','https://www.instagram.com/september__5/',35800,127,NULL),('shan.shan_food','https://www.instagram.com/shan.shan_food/',49800,472,NULL),('so_hungryyyun','https://www.instagram.com/so_hungryyyun/',2602,176,705),('sophiahsiao','https://www.instagram.com/sophiahsiao/',8273,2929,1294),('suiiiiz_','https://www.instagram.com/suiiiiz_/',4568,1009,792),('tainan_food33','https://www.instagram.com/tainan_food33/',14600,369,NULL),('tainan_ian','https://www.instagram.com/tainan_ian/',92200,314,NULL),('tainan_shaniu','https://www.instagram.com/tainan_shaniu/',14000,869,NULL),('tainanlohas','https://www.instagram.com/tainanlohas/',14100,16,NULL),('toby.food','https://www.instagram.com/toby.food/',87400,599,NULL),('tz_eat_food','https://www.instagram.com/tz_eat_food/',288,19,116),('wanping0831','https://www.instagram.com/wanping0831/',11900,1253,NULL),('wantoeat_jun_','https://www.instagram.com/wantoeat_jun_/',1167,671,1074),('whatcan_28eat','https://www.instagram.com/whatcan_28eat/',35500,312,NULL),('williameatsallthetime','https://www.instagram.com/williameatsallthetime/',4841,1239,2659),('xun.g_foodie','https://www.instagram.com/xun.g_foodie/',20500,953,NULL),('yyoopp.food','https://www.instagram.com/yyoopp.food/',6325,825,242),('zero.foodielife','https://www.instagram.com/zero.foodielife/',28300,495,NULL);
/*!40000 ALTER TABLE `ig_poster` ENABLE KEYS */;
UNLOCK TABLES;

--
-- Table structure for table `list`
--

DROP TABLE IF EXISTS `list`;
/*!40101 SET @saved_cs_client     = @@character_set_client */;
/*!50503 SET character_set_client = utf8mb4 */;
CREATE TABLE `list` (
  `list_id` int NOT NULL AUTO_INCREMENT,
  `user_id` int NOT NULL,
  `name` varchar(50) CHARACTER SET utf8mb3 COLLATE utf8mb3_general_ci NOT NULL,
  `modified_time` timestamp NULL DEFAULT CURRENT_TIMESTAMP,
  PRIMARY KEY (`list_id`),
  KEY `user_id` (`user_id`),
  CONSTRAINT `list_ibfk_1` FOREIGN KEY (`user_id`) REFERENCES `user` (`user_id`)
) ENGINE=InnoDB AUTO_INCREMENT=2 DEFAULT CHARSET=utf8mb4 COLLATE=utf8mb4_0900_ai_ci;
/*!40101 SET character_set_client = @saved_cs_client */;

--
-- Dumping data for table `list`
--

LOCK TABLES `list` WRITE;
/*!40000 ALTER TABLE `list` DISABLE KEYS */;
/*!40000 ALTER TABLE `list` ENABLE KEYS */;
UNLOCK TABLES;

--
-- Table structure for table `list_item`
--

DROP TABLE IF EXISTS `list_item`;
/*!40101 SET @saved_cs_client     = @@character_set_client */;
/*!50503 SET character_set_client = utf8mb4 */;
CREATE TABLE `list_item` (
  `list_id` int NOT NULL,
  `restaurant_id` int NOT NULL,
  `inserted_time` timestamp NULL DEFAULT CURRENT_TIMESTAMP,
  PRIMARY KEY (`list_id`,`restaurant_id`),
  KEY `restaurant_id` (`restaurant_id`),
  CONSTRAINT `list_item_ibfk_1` FOREIGN KEY (`list_id`) REFERENCES `list` (`list_id`),
  CONSTRAINT `list_item_ibfk_2` FOREIGN KEY (`restaurant_id`) REFERENCES `restaurant` (`restaurant_id`)
) ENGINE=InnoDB DEFAULT CHARSET=utf8mb4 COLLATE=utf8mb4_0900_ai_ci;
/*!40101 SET character_set_client = @saved_cs_client */;

--
-- Dumping data for table `list_item`
--

LOCK TABLES `list_item` WRITE;
/*!40000 ALTER TABLE `list_item` DISABLE KEYS */;
/*!40000 ALTER TABLE `list_item` ENABLE KEYS */;
UNLOCK TABLES;

--
-- Table structure for table `post`
--

DROP TABLE IF EXISTS `post`;
/*!40101 SET @saved_cs_client     = @@character_set_client */;
/*!50503 SET character_set_client = utf8mb4 */;
CREATE TABLE `post` (
  `post_id` int NOT NULL AUTO_INCREMENT,
  `poster_id` varchar(50) NOT NULL,
  `restaurant_id` int NOT NULL,
  `rating` int DEFAULT NULL,
  `post_link` varchar(100) DEFAULT NULL,
  `content` text,
  PRIMARY KEY (`post_id`),
  KEY `poster_id` (`poster_id`),
  KEY `restaurant_id` (`restaurant_id`),
  CONSTRAINT `post_ibfk_1` FOREIGN KEY (`poster_id`) REFERENCES `ig_poster` (`poster_id`),
  CONSTRAINT `post_ibfk_2` FOREIGN KEY (`restaurant_id`) REFERENCES `restaurant` (`restaurant_id`),
  CONSTRAINT `post_chk_1` CHECK (((`rating` >= 0) and (`rating` <= 5)))
) ENGINE=InnoDB AUTO_INCREMENT=146 DEFAULT CHARSET=utf8mb4 COLLATE=utf8mb4_0900_ai_ci;
/*!40101 SET character_set_client = @saved_cs_client */;

--
-- Dumping data for table `post`
--

LOCK TABLES `post` WRITE;
/*!40000 ALTER TABLE `post` DISABLE KEYS */;
INSERT INTO `post` VALUES (1,'missjoey__food',1,NULL,'https://www.instagram.com/p/C8_szsXPs9S/','高雄鼓山 〰 Mr. Pa 帕先生餐廚\n-\n🔥🔥收藏超級久的店終於來吃了！位於高雄凹子底公園附近開門就客滿的超人氣南洋料理餐廳！價格不貴CP值很高\n裡面販售泰式及南洋風餐點，其中老張娘惹叻沙麵是店內人氣必點，超好吃的泰式花枝蝦餅只有平日才吃得到！\n餐點都會附甜點紅豆紫米牛奶！用料及份量真的很實在，個人覺得CP值爆表，一定要去朝聖\n🔶假日不接受訂位\n🔶低消100元/人 無服務費\n-\n▫️老張娘惹叻沙麵 牛肉 $188\n▫️郭老師的酸辣炸雞飯 $188\n▫️泰式花枝蝦餅 $200\n▫️Kaya麵包 $70\n▫️泰式奶茶 $70\n老張娘惹叻沙麵湯頭很濃郁好喝，麵條是我很喜歡的寬意麵！麵條吸附湯汁非常刷嘴讓人忍不住一口接一口吃光\n配料也是很澎湃，有蛤蠣、玉米筍、肉片、魚丸和蛋等\n郭老師的酸辣炸雞飯，金黃酥脆的炸雞搭配旁邊附的泰式酸辣醬吃很開胃！上面還有一顆半熟蛋，蛋液融入飯中讓味道更濃郁好吃\n平日限定的泰式花枝蝦餅，是店家手工製作，咬起來外酥內扎實，有蝦子的香氣，搭配旁邊附的特製醬汁更好吃！\nkaya麵包使用佛卡夏麵包，裡面夾一塊奶油和Kaya，奶油入口即化，咬起來外酥內軟\n瓶裝的泰式奶茶甜度固定喝起來有濃郁的茶香味十足，甜而不膩\n\n✨標記好朋友👭🏻一起吃美食吧🤍🤍\n\n-\n🌹Mr. Pa 帕先生餐廚 @mr.paig\n📪高雄市鼓山區華榮路7號\n☎️07 553 0105\n⏰11:00-14:30 17:30-21:00 週一公休\n-\n#missJoeyeat高雄 #高雄美食 #高雄美食地圖 #高雄美食最前線 #高雄左營美食 #高雄美術館 #高雄鍋燒 #鼓山美食 #左營美食 #巨蛋美食 #高雄午餐 #高雄下午茶 #高雄小吃 #高雄鍋燒 #高雄晚餐 #凹子底 #高雄麵店 #高雄必吃美食 #高雄必吃 #平價美食 #台灣美食 #平價料理 #kaohsiungfood #kaohsiungfoodie #kaohsiungfoods #khfood800 #kaohsiungeats #2eat2gether #yummyday'),(2,'toby.food',2,NULL,'https://www.instagram.com/p/C84CNkAP10p/','#kaohsiung #高雄 #永和小籠包\n\n小籠湯包 $ 75\n酸辣湯 $ 30\n\n鹽埕區老字號的「永和小籠包」\n下午茶來一籠真的還蠻享受\n湯都是老闆現做現包外型小巧迷可愛\n小籠湯包一份有九顆但份量有點少\n一口咬下內餡口感還蠻香的\n可以加上醬油和薑絲一口很夠味\n想吃個下午茶可以來鹽埕這家小籠湯包店\n\n永和小籠包\n高雄市鹽埕區鹽埕街35號\n橘線-鹽埕埔2號出口\n11:00-19:30\n0912 436 908\n週二公休\n\n#taiwan #taiwanfood #kaohsiungfood #高雄美食 #高雄美食推薦 #高雄美食地圖 #高雄必吃 #高雄一日遊 #高雄景點 #鹽埕美食 #鹽埕區美食 #高雄小吃 #高雄下午茶 #高雄點心 #捷運美食 #捷運站美食 #高雄市 #銅板美食 #湯包 #小籠湯包'),(4,'missjoey__food',4,NULL,'https://www.instagram.com/p/DCx15OrPVLb/','高雄三民 〰 馥涎贊鹹酥雞 嫩江總店\n-\n🔥Google 評論多達1200多則、4.8顆星 高雄超人氣鹹酥雞店，價格公開透明，老闆炸工一流！就算冷掉也非常好吃，推薦招牌豆乳米血，超級好吃！幾乎每個人來都會夾的必點品項之一，雞蛋豆腐淋上泰式淋醬口感讓人驚艷😍趕快來吃看看吧！\n🔸滿300元 贈豆乳雞一份或雞心、雞腱任選兩串，建議提早來點餐\n🔸可於Line線上點餐，以免久候 @fxz1999\n-\n▫️招牌豆乳米血 大 $50 ▫️雞蛋豆腐 $65\n▫️鹹酥雞 大 $60 ▫️魷魚 大 $60\n▫️三角骨 大 $60 ▫️雞皮 大 $60\n▫️地瓜 大 $50 ▫️甜芋粿 $20\n▫️德國大香腸 $30 ▫️鱈魚板 $20\n▫️香菇 $35\n推薦招牌豆乳米血！外皮包了一層豆乳麵衣，口感Q彈紮實，香氣十足\n雞蛋豆腐淋上泰式淋醬開胃又唰嘴！外酥內軟嫩\n食材脫油後會撒上胡椒粉調味，鹹酥雞、三角骨、地瓜都非常入味唰嘴！\n\n✨標記好朋友👭🏻一起吃美食吧🤍🤍\n\n-\n🌹 馥涎贊鹹酥雞 嫩江總店\n📪 高雄市三民區嫩江街102號\n☎️ 電話 07 285 1600\n⏰ 16:00-00:30 週二公休\n-\n#missJoeyeat高雄 #高雄美食 #高雄美食地圖 #高雄美食最前線 #高雄新興美食 #新興美食 #高雄鹹酥雞 #高雄炸物 #鹹酥雞 #高雄宵夜 #高雄捷運美食 #高雄小吃 #高雄下午茶 #高雄晚餐 #高雄必吃 #平價美食 #台灣美食 #平價料理 #kaohsiungfood #kaohsiungfoodie #kaohsiungfoods'),(5,'foodieuyu.sns',5,NULL,'https://www.instagram.com/p/DCs4ThazFRC/','麥味登也跟上腳步了‼️\n也推出近期爆紅的鬆餅漢堡啦🥞\n趕快@你朋友一起來吃吧😹\n\n🔺販售日期：11/26\n🔺販售價格：圖文往後滑\n\n#麥味登 #麥味登早午餐 #台中美食 #台北美食 #新北美食 #彰化美食 #南投美食 #台南美食 #高雄美食 #桃園美食 #嘉義美食 #雲林美食 #苗栗美食 #基隆美食 #宜蘭美食 #花蓮美食 #台東美食 #屏東美食 #新竹美食'),(6,'peggy860508',6,NULL,'https://www.instagram.com/p/DBaY0KtSveO/','⠀⠀⠀⠀⠀⠀⠀\n🔺高雄—麵匠飛鳥拉麵\n#佩吃高雄 #文末抽獎\n高雄新開的日式拉麵店！\n你們也趕快來大吃一口吧～～◔.̮◔✧\n\n✐魚介辣白湯拉麵 NT.240\n海鮮味湯頭 濃郁鮮甜\n叉燒、雞叉燒肉質軟嫩\n帶點微辣很好吃！\n\n✐蝦蝦番茄拉麵 NT.300\n限量的蝦蝦番茄拉麵\n真的就是拉麵版義大利麵\n加了義大利帕瑪火腿跟莫札瑞拉起司\n番茄湯底相當濃郁香醇\n麵條搭配起司太無敵了！\n\n✐香檸柚沾麵 NT.240\n我超愛的香檸柚沾麵\n柚子味酸甜清爽！\n\n✐唐揚雞 NT.35\n✐手工炸餛飩 NT.35\n唐揚雞醃製入味肉汁很多\n炸餛飩外皮炸的很酥脆～\n\n佩寵粉時間\n♡抽魚介辣白湯拉麵、香檸柚沾麵各三位♡\n①追蹤我 @peggy860508 、 @asuka_802182\n②Tag一位好友+任意留言\n③ 截止日期 11/2 23:59\n\n☎️07-2230065\n⏰11:30～15:30、17:00～20:00\n📍高雄市苓雅區光華一路182號\n\n#高雄 #高雄美食 #高雄美食地圖 #高雄美食推薦 #苓雅區美食 #苓雅區 #高雄晚餐 #高雄午餐 #高雄小吃 #高雄旅遊 #高雄餐廳 #高雄必吃 #高雄拉麵 #拉麵 #台灣美食 #kaohsiung #kaohsiungfood'),(7,'tainan_food33',7,NULL,'https://www.instagram.com/p/C-P72CQvs8p/','📍李記蔥抓餅 瑞豐夜市必吃 #ubereats外送\n必點的口味是九層塔蛋、蔬菜蛋、起司蛋，隨便點隨筆好吃！辣椒醬也很好吃，不死鹹、死甜、也不會油膩，當小點心剛剛好😍有Uber外送不用現場去排隊，不過都要等到下午六點才開門😢\n\n📌 高雄市鼓山區裕誠路1107-1081號\n週一、週三公休\n18:00-半夜1:30\n-\n\n#高雄美食 #高雄美食推薦 #高雄美食地圖 #高雄美食部落客 #高雄夜市 #高雄夜市美食 #高雄瑞豐 #瑞豐 #瑞豐夜市 #瑞豐美食 #高雄左營區 #高雄宵夜 #高雄宵夜美食 #高雄小吃 #高雄小吃推薦 #foodporn'),(8,'feimei_eat',8,NULL,'https://www.instagram.com/p/C0gZILkP8o_/','《高雄》三民區· 寧寧港式宵夜\n\n‼️港式宵夜美食，必吃麻奶煲‼️\n近高雄火車站附近的深夜美食\n主打麻辣煲、麻奶煲、港式點心\n從晚餐營業到宵夜時段，人潮總不斷\n\n人氣 #麻奶煲\n麻辣帶花椒香與奶味融合\n味道溫和濃醇，尾韻帶花椒辣香氣\n辣度還可以調整～\n\n港點推薦 #港式炸二奶\n一份有四個炸二奶\n超酥脆的外皮，咬開有爆漿奶餡\n冷了一樣脆口，也沒有油耗味！\n\n· 麻奶牛肉綜合煲 $165 + 公仔麵 $30\n· 魚子蒸燒賣 $75\n· 蜜汁叉燒包 $90\n· 蠔油蒸鳳爪 $85\n· 港式炸二奶 $85\n· 白玉珍珠丸 $80\n· 臘味蘿蔔糕 $65\n· 鹹檸七 $55\n—\n分類\n🔍 #肥美吃高雄 #肥美吃港式\n—\n🏠 高雄市三民區建國二路17號\n☎️ 0968 998 780\n⏰ 17:30–00:30（週三公休）\n.\n#高雄美食 #高雄美食推薦 #高雄美食地圖 #高雄 #寧寧港式宵夜 #寧寧港式 #高雄宵夜 #高雄宵夜美食 #高雄港式'),(9,'tainan_food33',9,NULL,'https://www.instagram.com/p/DD4g7aNJ3lv/','📍顏記鮮魚湯\n在左營自由黃昏市場！超級愛吃爆這種有熱魚湯、炒青菜、滷肉飯、海鮮粥的店🥹這間24小時營業好讚！肉燥飯超推，鹹甜鹹甜，肥瘦肉各半，超下飯，龍膽魚湯也好喝，魚肉扎實Q彈！蚵仔煎蛋的蚵仔也很大顆超香～\n🌟蚵仔煎蛋\n🌟龍膽魚肉湯\n🌟肉燥飯\n🌟雞肉飯\n🌟滷蛋、油豆腐\n📌店家資訊\n高雄市左營區自由三路261號（總店）\n高雄仁武區、三民區皆有分店！\n（24小時營業的只有高雄自由總店）\n-\n#高雄美食 #高雄美食地圖 #高雄美食推薦 #高雄美食部落客 #三民區 #三民區美食 #高雄三民 #高雄三民區美食 #高雄三民區 #高雄三民美食 #三民區美食 #高雄仁武 #仁武 #仁武美食 #仁武區 #高雄宵夜 #高雄宵夜美食 #高雄景點 #高雄景點推薦 #高雄下午茶 #高雄早午餐 #高雄餐廳 #foodporn'),(10,'kaohsiung_city',10,NULL,'https://www.instagram.com/p/C2CGXtwSCeZ/','輕軌「圓」遊會ო 帶你探索輕軌新站點.ᐟ\n高雄LRTが全線開通.ᐟ 新しい駅を探索しよう.ᐟ\n\n新上国小駅の近くにある龍華市場はご当地グルメが集まる場所です！伝統的な台湾グルメ、台湾式の居酒屋熱炒(ラーチャオ) から異国の料理まで、様々な美食が楽しめます！高雄LRTが2/25まで全線無料なので、高雄LRTに乗ってグルメ旅に出かけましょう！\n\n新上國小站旁的龍華市場\n是在地人的美食一級戰區\n傳統小吃、熱炒到異國料理應有盡有\n別忘了輕軌2/25前全線免費\n快搭乘輕軌來飽餐一頓吧\n\n📍龍華市場\n高雄市左營區富國路60號\n\n#海洋城市 #繽紛港都 #高雄 #Kaohsiung #輕軌成圓 #輕軌 #新上國小 #龍華市場 #高雄美食'),(12,'foodinlove.life',12,NULL,'https://www.instagram.com/p/C4dB_fBPXIr/','高雄名店大集合！必吃10家你吃過幾家？\n\n在高雄生活了幾年\n也做了一系列的懶人包\n左營、楠梓、鼓山、駁二、捷運美食、咖啡廳、港式飲茶等等\n\n之前朋友問我「有沒有那種高雄很有名的必吃名店？」\n\n這不就來了😍\n特別整理10家非常具有代表性的✨️\n趕快收藏起來+分享給朋友一起去吃～\n\n好不好吃見仁見智\n但很有名是真的🤣\n_____________________________\n\n#鴨肉珍\n🚩高雄市鹽埕區五福四路258號\n駁二排隊名店！獲米其林必比登\n切片鴨肉+鹹甜肉燥百吃不膩～😋\n🍽推薦指數：9/10\n\n#北港蔡三代筒仔米糕\n🚩高雄市鹽埕區河西路167號\n同獲米其林必比登推薦\n俗稱被蒸蛋湯耽誤的米糕店？\n🍽推薦指數：7.5/10\n\n#老江紅茶牛奶\n🚩高雄市新興區南台路51號\n高雄在地連鎖老店\n招牌紅茶牛奶帶咖啡香超特別！\n🍽推薦指數：7.5/10\n\n#猜心泡芙\n🚩高雄市苓雅區泰順街60號\n高雄人氣No.1的排隊甜點🌝\n泡芙很脆！內餡清爽路線～\n🍽推薦指數：7/10\n\n#仁武烤鴨\n🚩高雄市仁武區鳳仁路95之21號\n回訪N次的超平價烤鴨名店🤤\n推薦內用現吃最好吃！\n除了烤鴨以外蛋花湯也是必點\n假日人潮爆滿自行斟酌排隊🥴\n🍽推薦指數：9.5/10\n\n#北平楊寶寶蒸餃\n🚩高雄市楠梓區朝明路106號\n眾多媒體採訪🎉\n楠梓之光！楠梓必吃美食\n🍽推薦指數：7/10\n\n#汕頭泉成沙茶火鍋\n🚩高雄市新興區中山橫路7號\n知名汕頭火鍋老店\n聚餐超適合揪這裡！\n🍽推薦指數：8.5/10\n\n#劉家酸菜白肉鍋\n🚩高雄市左營區介壽路9號\n高雄酸菜白肉鍋龍頭😆\n要吃酸白菜怎麼能錯過劉家！\n生意超級好、建議訂位\n離峰時段還有半價優惠超佛心\n🍽推薦指數：7.5/10\n\n#興隆居\n🚩高雄市前金區六合二路186號\n俗稱：北寬來順、南興隆居\n高雄南北兩家超人氣傳統早餐店！\n太晚來會賣完 記得設鬧鐘😂\n🍽推薦指數：7/10\n\n#厚得福湯包麵食專賣店\n🚩高雄市苓雅區成功一路214號\n光榮碼頭旁超人氣麵食館\n平日小排隊、假日等一小時是基本\n人氣必點：紅油抄手、巧克力飛餅\n🍽推薦指數：7/10\n_____________________________\n\n👉不看會後悔! 全台懶人包\n🔎 #晚晚a懶人包\n\n👉晚晚a高雄美食足跡\n🔎 #foodinlovekaohsiung\n\n#高雄美食 #高雄美食推薦 #高雄美食部落客 #左營美食 #楠梓美食 #駁二美食 #鹽埕區美食 #高雄早餐 #高雄必吃 #高雄必吃美食 #高雄餐廳推薦'),(13,'cceat3',1,NULL,'https://www.instagram.com/p/C45JvVrv5nw/','#cceat3高雄 #cceat3異國\n-\n˗ˏˋ 𝗆𝖾𝗇𝗎 ´ˎ˗\n▫️泰式酸辣清湯麵寬粉 $188\n▫️美濃放山雞黃咖哩飯 $188\n▫️泰式酸辣炸雞 $150\n▫️kaya麵包 $70\n\n（每人低消$100）\n//\n高雄の南洋料理/泰式酸辣/咖哩/kaya麵包⋯🍞\n餐點好吃 湯頭很夠味真的必點泰式酸辣系列\n還附贈紫米椰奶.ᐟ‪‪.ᐟKaya吐司烤得熱熱的也很讚\n整體推推~~btw復古遊戲機好Q🎮🌟\n-\n🦷：🌕🌕🌕🌕🌑\n-\n🍛｜#帕先生餐廚\n🧑🏻‍🍳｜@mr.paig\n🕰｜11:00-14:30 / 17:30-21:00，㈠公休\n💬｜高雄市鼓山區華榮路7號\n🚇｜凹子底❹出口👣12min\n֒ ⋆꙳ ⋆ ͛.·⋆͛֒ ⋆꙳ ⋆ ͛.·⋆͛֒ ⋆꙳ ⋆ ͛.·⋆͛֒ ⋆꙳ ⋆ ͛.·⋆͛֒ ⋆꙳ ⋆ ͛.·⋆͛֒'),(14,'tainan_food33',8,NULL,'https://www.instagram.com/p/C6ESALrPU7u/','📍寧寧港式宵夜 👈往左滑有菜單\n無意間經過發現寧寧搬家到建國二路，還滿大間明亮的，現場滿多人有候位等一下子～\n🌟南乳炸雞翅 這個超好吃必點，很酥脆，一份有四隻\n🌟蒜蓉蒸蛤蜊\n這道蒜味很濃，整體來說很重口味，底下有寬冬粉\n🌟麻辣肥腸綜合煲+寬冬粉\n雖然是麻辣的但口味上沒有到很辣，又加了分寬粉量滿多的，裡面還有一些蔬菜、豆腐、鴨血、豆皮、肥腸等等，口味上滿鹹的，本來最期待這道！結果滿普通～\n🌟魚子蒸燒賣\n這道也不錯！裡面竟然還有包蝦子🦐\n🌟鹹檸七\n一定要搭上我最愛的鹹檸檬解膩🍋\n📌店家資訊\n高雄三民區建國二路17號\n17:30-半夜12:30\n週三休息\n-\n#高雄美食 #高雄美食地圖 #高雄美食推薦 #高雄景點 #高雄景點推薦 #高雄必吃 #高雄必吃美食 #高雄三民 #高雄三民美食 #高雄宵夜 #高雄小吃 #高雄甜點 #foodporn'),(15,'huni_travel',13,NULL,'https://www.instagram.com/p/DDJfhXyvkKY/','ㅣ中午吃麻奶鍋商業午餐方案滿滿一大碗超便宜ㅣ\n🗒️往後滑有菜單👉🏻\n到高雄50樓開會，中午直接到熱河吃飯超方便！！這間文青風的麻奶鍋就在熱河商圈內，整間店風格很溫暖，日式木質色調，店內也很乾淨～\n有提供商業午餐，原價兩百多的餐點只要135元就能吃到，而且料提供的也不少🌝菜單上只有微辣跟不辣，另外跟老闆娘說幫我做到中辣😂但湯頭還是很溫順～不會到死鹹辣，吃完也是飽飽飽，另外推他們的豆腐，非常軟嫩～～吃麻辣鍋就是要配入味的滷豆腐♥️\n\n🌟Google評論4.8（282則）\n\n白鍋（豬肉）💰140\n麻辣滷豆腐💰55\n\n🈺營業時間：11:00～20:30\n🚷公休：週日\n\n📍地點：高雄市三民區熱河一街97號\n\n#高雄美食 #高雄午餐 #高雄餐廳 #麻奶鍋 #虎妮遊高雄 #虎妮吃胖胖 #高雄景點 #滿足麻奶鍋 #商業午餐 #高雄美食分享 #高雄美食推薦 #高雄餐廳推薦 #高雄餐廳分享 #高雄 #熱河美食 #五十樓附近美食 #熱河夜市 #kaohsiung #taiwan'),(17,'iamteresa0424',15,NULL,'https://www.instagram.com/p/DC_tWMNycE0/','大消息！饗食天堂明年1月要漲價了！\n最近要把握機會吃爆啦！！！\n-\n🈲️請尊重著作權！影片未經授權，不得任意轉載使用！©\n-\n#台北美食 #板橋美食 #台中美食 #桃園美食 #台南美食 #饗食天堂 #信義區美食 #高雄美食 #東區美食'),(19,'tainan_ian',17,NULL,'https://www.instagram.com/p/DDUMDiLPSyM/','and'),(20,'keke_foodietw',18,NULL,'https://www.instagram.com/p/C670g-jrJDw/','📍台南\n超有名的美食之一鍋燒意麵🤤\n每次經過也是大排長龍啊！！\n湯頭是那種甜甜的，份量也很足夠\n真的好吃到一口接一口，停不下來啊👍\n加上炸料會更有口感更讚喔～\n這樣的一餐好滿足推薦給各位囉😍\n-\n【醇涎坊古早味鍋燒意麵】\n✅地址：台南市中西區保安路53號\n✅電話：06 221 5033\n📷： @uni850414\n-\n👇🏻加入keke大家庭👇🏻\nKeke 帶我去旅行 @keke_traveltheworld\nKeke 住宿趣 @keke_inthehotel\nKeke 生活日記 @keke.lifediary\n\n#keke吃貨日記 #keke去台南 #台南打卡 #台南美食 #台南必吃 #台南 #打卡美食 #美食 #探店 #醇涎坊古早味鍋燒意麵 #醇涎坊 #古早味鍋燒意麵 #鍋燒意麵'),(30,'monaeat',26,NULL,'https://www.instagram.com/p/DDFInZIy8N7/','台南8家早午餐推薦\n✾喜歡我的分享，幫我按讚ദ്ദി ˉ͈̀꒳ˉ͈́ )✧\n\n拿著手機滑呀滑～滑呀滑！\n還找不到要吃的早午餐嗎？\n啾咪🫶不私藏通通分享給你們\n\n#裏葉 uraha_iro_10\n🏢台南市北區西門路三段45巷42弄10號\n☎️06-2217282\n🈺️11:00-16:30或完售\n⚠️公休：看店家IG\n\n#綠櫻桃咖啡 @greencherrycoffee\n🏢台南市北區北安路一段225號\n🈺️週二至週五10:00-18:00\n🈺️週六9:00-18:00\n🈺️週日10:00-17:00\n⚠️公休：每週一及隔週二\n\n#粼粼 @ring_ring.00\n🏢台南市東區裕豐街35號\n🈺️11:30-17:00\n⚠️公休：看店家IG公告\n\n#okeydokey @okeydokey.tainan\n🏢台南市中西區保安路153巷3號\n🈺️10:00-17:00\n⚠️公休：每週一、二\n（臨時公休看店家IG公告）\n\n#後座熟食店 @backseatfatsgoods\n🏢台南市中西區南寧街136巷8號\n🈺️11:00-17:00\n\n#因為所以 @because_soo\n🏢台南市中西區中山路82巷2號\n☎️06-2229597\n🈺️9:30-17:00\n⚠️公休：看店家IG\n\n#島旅 @trip_of_island\n🏢台南市東區裕文路22巷2號\n☎️06-2671139\n🈺️9:00-17:00\n⚠️公休：看店家IG\n\n#aksbrunch @aks__brunch\n🏢台南市永康區東橋一路406號\n☎️0965070482\n🈺️9:00-16:00\n⚠️公休：看店家IG\n\n❁❁❁❁❁❁❁❁❁❁❁❁❁❁❁❁❁❁\n#台南美食 #臺南美食 #台南景點\n#台南小吃 #台南早午餐\n#台南食記 #台南咖啡 #台南甜點\n#台南 #台南下午茶 #台南咖啡店\n#台南美食地圖 #台南午餐 #台南咖啡廳 #台南早午餐推薦 #台南東區美食 #台南北區美食 #台南中西區美食\n#美食懶人包 #popyummy台南'),(31,'ddd_5277',21,NULL,'https://www.instagram.com/p/DCy568fz_Xq/','台南必收藏約會愛店\n復古風的裝潢\n還保留先前美容院的佈置\n店內挑高二樓\n整體用餐環境很舒適😍\n還有超可愛店貓\n\n他們家的炸牡蠣超推\n份量十足一次五顆\n而且炸的外酥裡嫩\n三明治跟義大利麵的調料\n都提升整體風味\n真的是直擊心靈的美味🤤\n\n炸牡蠣義大利麵 $300\n炸牡蠣三明治 $330\n秘制綜合炒菇 $80\n檸檬氣泡咖啡 $110\n紅茶歐蕾 $100\n\n#桂蘭 Guilan\n🏠店家地址：台南中西區西門路二段365巷1號\n⏰營業時間：中午～20：00\n公休日：每週一二三\n\n#台南美食 #台南 #台南晚餐 #台南宵夜 #台南餐廳 #台南義大利麵 #台南約會 #台南好吃 #台南必吃 #中西區美食 #桂蘭'),(32,'tainan_ian',27,NULL,'https://www.instagram.com/p/DDJ38KYTg0l/','and'),(33,'satani_blog',28,NULL,'https://www.instagram.com/p/DC6aDlMydVS/','📍全台｜彌生軒｜養身鍋物祭新品\n-\n最近我的愛店彌生軒推出季節限定新品啦！\n真的是不管在日本還是台灣、YAYOYI都是我的大愛～\n-\n冬季一定要吃吃暖心暖胃的鍋物吧！\n現在不用到火鍋店、日式料理定食也吃得到呢\n大推這次的「豐盛野菜雞肉鍋」、蛋白質和纖維都滿滿\n營養價值超高、搭配加價升級的十六穀米更營養\n不僅吃得到大量蔬菜、更有嫩口雞肉和豆腐喔\n推薦大家可以嘗試看看這次的季節限定(◜ᴗ◝ )\n-\n✔️彌生軒 全台門市\n🔸豐盛野菜雞肉鍋定食 $430\n🔝以上價格並未包含10%服務費\n-\n✏️ Instagram 搜尋：satani_blog\n✏️ 探險範圍: #高雄美食 #台北美食 #新北美食 #台南美食 #屏東美食\n-\n#台南美食推薦 #台北美食推薦 #台南日式料理 #台南餐廳 #台北餐廳 #台北餐廳推薦 #台南餐廳推薦 #新品 #新品上市'),(34,'tainan_ian',29,NULL,'https://www.instagram.com/p/DA50ET4zTGg/','and'),(35,'oxygen0301',30,NULL,'https://www.instagram.com/p/DADaOXnvNe9/','台南 麻油黑蒜頭溫體牛肉鍋💥超誇張便宜，六人吃一桌一人不用300元！肉盤買四送一🥩溫體牛肉5兩重$200，營業到凌晨一點\n\n（⭕️）買四盤送一盤（結帳會扣價低的）\n（⭕️） 有活動送美國牛五花或豬肉片\n（⭕️）健身房會員&學生證免費送美國牛五花\n\n(內用只有六桌/最好訂位)\n\n#🔻湯頭有原味、藥膳湯$100\n最特色是:黑蒜頭麻油鍋湯底$150（麻油可不加）不限人數還可以免費加湯👍純牛骨+蔬菜+不添加味精+大蒜發酵而成的黑蒜頭、鮮蒜頭 湯頭很回甘 淡淡麻油香，沒有蒜頭的嗆味\n\n#🔻溫體牛肉/盤 $200🥩足足五兩\n不能刷超過三秒！我們直接在碗裡面唰！QQ口感好迷人，他們也有賣各種頂級肉\n\n#🔻牛雜$200(牛胃、牛腸、牛肚、牛腎、牛肺)口感都是獨一無二\n#🔻牛脊瓍 $200 #🔻牛腦 $250 處理很乾淨，超軟綿!我無敵喜歡！\n#🔻台灣牛舌 $500 （限量）厚切舌根彈牙qq脆脆配特製辣椒超讚👍\n\n小董牛肉湯爐\n電話：0967022143\n時間：17:00-01:00 (週一公休)\n台南市北區小東路157號 #溫體牛 #台南美食 #台南 #台南火鍋 #牛肉火鍋#牛肉爐#溫體牛肉#台南必吃#牛肉湯 #大口台南火鍋'),(36,'tainan_shaniu',31,NULL,'https://www.instagram.com/p/C1jaQBqr9oi/','‼️平民版夏慕尼‼️生意好到嚇嚇叫‼️\n真的沒訂位吃不到（⚠️ㄧ定要訂位，私粉專或打電話）\n\n👉🏻套餐145元起（不收服務費）\n✅附兩盤炒青菜🥬（辣/不辣）\n✅白飯 吃到飽\n✅湯品 喝到飽（下重本料爆多/每日不固定）\n✅飲料 喝到飽（無糖麥茶/檸檬紅茶）\n\n香煎雞腿排套餐$200\n香煎虱目魚肚套餐$175\n香煎櫻桃鴨胸套餐$280\n美國choice翼板牛排$280\n⋯⋯⋯⋯⋯⋯⋯⋯⋯⋯⋯⋯\n單點：\n蛋燒小捲$160\n起司魚卵蛋捲$50\n蔬菜蚵仔蛋捲$100\n麻油松板豬鐵板炒飯$110\n（附荷包蛋/週一～週五限定）\n\nCP值比天花板還高！\n完全無雷👉🏻每一道菜都是前夏慕尼廚師老闆親自炒⋯超、級、好、吃！\n\n昱品鐵板燒 @yu_pin__teppanyaki\n住址 : 台南市北區北園街93號\n電話 : 0903875315\n時間 : 11:30-14:30（最後收客14:00）/17:00-20:30（最後收客20:00）\n不定時公休\n\n#傻妞吃台南 #傻妞吃昱品#昱品鐵板燒 #台南鐵板燒 #台南美食 #台南平價鐵板燒 #台南吃到飽 #台南北區美食 #北園街美食 #台南午餐 #台南晚餐'),(38,'tainanlohas',33,NULL,'https://www.instagram.com/p/BekTxcdlLu8/','昨晚小編被朋友硬拉去了新火鍋店：燈光美、氣氛佳、加上相當有噱頭的桌邊服務，稱得上是很棒的打卡店，而口味什麼的就不多說了。但想來這吃上一餐，可得看看大家荷包君的厚度囉～\n\n#樂活台南 #tainanlohas #tainan #美食 #台南 #台南美食 #旅行 #好吃 #美味 #午餐 #晚餐 #消夜 #火鍋 #food #foodporn #yum #instafood #yummy #amazing #instagood #photooftheday #sweet #dinner #lunch #breakfast #fresh #tasty #delish #delicious #eating'),(39,'oxygen0301',34,NULL,'https://www.instagram.com/p/DBlJCsRPhrf/','公園南路《超狂～爆漿牽絲餅 》餅皮純手擀製作 半煎半炸 滿滿起司+餡料 每口都香濃🤤🤤🤤\n\n🌟自助投幣點餐（老闆不碰錢）\n🌟鮪魚/燻雞 口味 有滿滿玉米跟起司\n🌟香爆豬口味 手炒豬肉+起司 餡很飽滿\n每一口都超香濃，他們的決明子/紅茶 也都很好喝🥤\n\n購買3個餅會送乙個購物袋（送完為止）\n溫馨提醒：現點現做，免等候可提前一天line訂餐Line: @048dznbg\n\n林來牽絲餅\n時間：13:00~18:30（週一休）\n台南市北區公園南路127號\n#台南#台南美食 #台南下午茶#台南必吃#牽絲餅'),(41,'satani_blog',36,NULL,'https://www.instagram.com/p/C_rxUf8RmlS/','📍高雄｜前鎮區｜悅品點心台鋁店\n#塔妮吃高雄\n-\n如果喜歡港式料理的朋朋！一定要收藏這家\n平價又好吃～CP值無敵高耶ε”ε”(ﾉ´•ω•)ﾉ\n待在高雄時其實也很少到台鋁覓食\n想不到最近意外發現這家好店！愛港點可以吃吃看\n目前沒有訂位服務、但用餐環境整體非常舒適\n港點更不是常見的冷凍口感、這一點超值得讚賞\n-\n初次嘗試吃了很多不同的餐點！以下推薦心中必點項目\n悅品的芋泥包雖然不是爆漿系列、但餡料非常滿\n實在的綿密芋泥內餡～很推薦給芋泥控的朋友喔\n除此之外也會推薦府城芋籤糕！芋頭原料給好給滿\n鬆軟的口感帶著芋頭的厚實、整體來說非常令人滿足\n-\n臘味蘿蔔糕也是我們很推薦的品相之一\n鹹香不膩口、肉末的完美比例滋味相當好吃\n太白醉翁雞酒香很濃厚、雞肉肉質也非常有彈性\n最後壓軸必點則是酥脆不油膩的蘿蔔絲酥餅～\n我們真是吃遍各家的蘿蔔絲酥餅啊(笑)\n千層堆疊的酥鬆派皮搭配奶香的熱騰騰內餡\n實在好吃得讓人想一口接一口耶\n-\n✔️#悅品點心 台鋁店\n🔸悅品芋泥包 $88\n🔸蝦仁燒賣 $128\n🔸金錢鮮蝦餅 $188\n🔸脆皮鮮蝦腸粉 $198\n🔸廣式腸粉 $208\n🔸豆酥蒸鮮魚 $328\n🔸楊枝甘露 $98\n🔸府城芋籤糕 $128\n🔸茶資：鐵觀音 $30/人\n🔸精選時蔬：芥藍菜 $128\n🔸牛肉撈麵 $188\n🔸太白醉翁雞 $358\n🔸臘味蘿蔔糕 $108\n🔸蘿蔔絲酥餅 $128\n🔝以上價格皆未包含10%服務費\n-\n🔍 #高雄聚餐 #高雄聚餐推薦 #前鎮區美食 #高雄小吃 #高雄晚餐 #高雄港式 #前鎮美食 #高雄餐廳 #前鎮美食推薦 #高雄午餐 #台鋁美食\n🏠 高雄市前鎮區忠勤路8號\n🕒 11:30-21:30\n-\n✏️ Instagram 搜尋：satani_blog\n✏️ 探險範圍：#高雄美食 #台北美食 #新北美食 #台南美食 #屏東美食\n-\n#港式料理 #高雄食記 #美食推薦 #高雄美食推薦'),(42,'satani_blog',37,NULL,'https://www.instagram.com/p/DCg4W41yrPc/','📍高雄｜左營區｜nana’s green tea\n#塔妮吃高雄\n-\n栗子控怎麼能錯過的美好秋季！再不抓住就要錯身而過囉\n在日本擁有超高人氣的抹茶甜品專賣「nana’s green tea」\n其實在台灣高雄漢神巨蛋也吃得到！\n私心覺得和在地品質沒有差別太大、可以安心拜訪\n-\n最近有季節限定栗子蒙布朗系列！每次看到這我就腦波弱\n還好沒有讓我失望～他們家栗子蒙布朗很真材實料耶\n不是那種吃起來很空虛的滿滿甜膩及鮮奶油感\n而是吃得到淡雅的栗子香氣及顆粒感\n我們點的是系列中的栗子蒙布朗百匯、層次超豐富\n基地有抹茶布丁/切碎栗子/海綿蜂蜜蛋糕層層交疊\n更吃得到白玉湯圓及香草霜淇淋！更有蒙布朗及整顆栗子\n整體吃起來讓人超滿足～大推一波 ๑>ᴗO๑\n-\n如果想在甜食前來點鹹食、他們家也是有不錯的選擇喔\n我們比較常點的是他們家蛋花烏龍麵！\n不僅配料豐富、湯頭也是一流～\n-\n✔️ nana’s green tea @nanasgreenteataiwan\n🔸栗子蒙布朗百匯 $260\n🔸蛋花烏龍麵 $180\n🔺鹹食套餐搭配飲品：冰釀煎茶 $100\n-\n🏠 高雄市左營區博愛三路777號(漢神巨蛋5樓)\n🕒 根據百貨營業時間而定\n‼️未提供訂位服務\n-\n✏️ Instagram 搜尋：satani_blog\n✏️ 探險範圍: #高雄美食 #台北美食 #新北美食 #台南美食 #屏東美食\n-\n#高雄抹茶 #高雄咖啡廳 #高雄下午茶 #左營區美食 #高雄甜點 #抹茶推薦 #高雄美食推薦 #左營美食 #抹茶控'),(43,'food_eating0613',38,NULL,'https://www.instagram.com/p/C1Wy-Xxvc-W/','#台南美食 👉 #老厝1933\n📍往左滑沒菜單\n\n我們點了\n豬油拌飯 $ 40\n無骨牛小排 $ 140\n培根蝦仁 $ 40\n鹹豬肉 $ 90\n烤肥腸 $ 130\n雞腿排 $ 100\n花枝 $ 130\n薄鹽雞腿肉 $ 40\n杏鮑菇 $ 60\n-\n身為台南人應該都知道這家吧～隱身在三合院中的燒烤店，必點豬油拌飯！！生蛋黃加上紅蔥頭伴在一起真的超好吃😋另外還推薦培根蝦仁，超鹹但很夠味～🤣還有薄鹽雞腿肉，肉質很軟嫩沒有肉腥味👍🏼杏鮑菇也好吃～～每一口咬下都會爆汁真的超厲害🍄其他還有很多好吃的品項，大家都可以試試～\n-\n🏠：台南市中西區北門路一段51巷27號\n⏰：ㄧ～日 11:00-13:30、17:00-01:00\n☎️：06-2221466\n-\n喜歡這篇文的話\n追蹤👉 @food_eating0613\n與你們分享更多的美食❤️\n-\n🔍 #阿米吃台南 #阿米吃宵夜\n-\n#tainan #tainanfood #taiwanfood #instagood #vscofood #instameettaiwan #popdaily #taiwan #yummyday #台南美食地圖 #台南美食推薦 #台南食記 #台南必吃 #台南宵夜 #老厝一九三三 #台南 #台南市 #宵夜 #台南老店 #台南美食部落客 #台南午餐 #台南小吃 #台南燒烤 #台南晚餐 #台南美食之旅 #台南之旅'),(44,'food_hunter68',39,NULL,'https://www.instagram.com/p/C6i0ufHPDtc/','👈左滑看菜單👈\n\n台南車站附近的宵夜排隊美食，主打羊肉和各種熱炒，傍晚5點才開門，一路賣到凌晨1點，隔壁有舒服的內用區，晚上人潮滿滿，正港深夜食堂\n\n乾炒的羊肉意麵，老闆炒功厲害，炒出噴香鑊氣，肉片也算給的大方，略帶嚼勁和羊騷味，整盤非常好嗑，意麵就是一個一下就吃光光的東西呀 🤣\n\n很多人推的蔥蛋，不論體積和厚度都很可以，本以為是薄薄一片，結果超級蓬鬆厚實，根本已經是烘蛋了，外皮還有迷人焦香味，這樣一份才$30，超級可以，有些小吃店一顆滷蛋就賣$20了 😆\n\n滿多人點的豆乳雞，外酥內嫩也很不賴，看其他桌還有點羊大骨湯，可以用吸管吸骨髓和湯汁，看起來也豪好吃，下次再來試試 😍\n\n🔸 羊肉意麵 $80\n🔸 豆乳雞 $90\n🔸 蔥蛋 $30\n\n🏘️ 老泰羊肉\n📌 台南市中西區青年路206號\n📞 06-226-2344\n⏳ 週一~日 17:00-01:00\n\n#羊肉 #宵夜 #台南 #台南美食 #台南美食推薦 #台南宵夜 #台南小吃 #台南必吃 #台南美食地圖 #台南景點 #台南旅遊 #台南中西區 #台南中西區美食 #中西區 #中西區美食 #銅板美食 #排隊美食 #台灣美食 #巷弄美食 #美食推薦 #美食日記 #平價美食 #平價 #美食分享 #相機食先 #手機食先 #小吃 #台灣小吃 #tainan #tainanfood'),(46,'kaohsiungfood',41,NULL,'https://www.instagram.com/p/C5FYfXNhF6P/','-台南-🍴村佶韓式豬肉湯飯🍴\n🌟台南去年底新開幕的「村佶韓式豬肉湯飯」😍，一直紅到現在！連我們平日中午去用餐，都是人潮滿滿的狀態；店裡有很多種韓式料理可選擇，點主餐就會送小菜唷💯\n\n🔺超值套餐：泡菜豆腐湯+韓式小石鍋拌飯 $350\n🌟超划算的「超值套餐」，泡菜豆腐湯可選擇豬肉或牛肉🥩，熱騰騰的湯頭非常開胃，配上泡菜和豆腐就很美味；韓式小石鍋拌飯也超讚，把醬汁跟配菜拌勻後，超級入味💕\n\n🔺五花肉湯飯(附白飯) $250\n🌟「五花肉湯飯」的湯頭是使用豬骨熬製的無調味原湯，可依自己喜好添加調味料，並搭配白飯享用🍚，這裡的五花肉吃起來是QQ的口感，而且肥肉的部分竟然不油膩，五花肉沾上醬汁更美味🐷\n\n🔺泡菜煎餅 $230\n🌟上次吃到村佶的海鮮煎餅太厲害了🍤，這次再點一個「泡菜煎餅」試試！煎餅本身口感軟Q，加入滿滿的泡菜吃起來超級開胃，再沾上醬汁我真的超愛💯\n\n🔺菜包肉 $380\n🌟上個月去韓國玩沒吃到「菜包肉」，沒想到竟然在這裡吃到了！五花肉份量十足、非常有誠意👏🏻，搭配生菜、佐料、配料，大口吃下清爽又不膩～\n\n🔺半半炸雞(原味+辣味) $260\n「半半炸雞」都是使用無骨雞腿肉🍗，吃起來特別過癮，現炸出爐外酥內軟嫩，還保有肉汁！我特別喜歡辣味的，裹上辣辣的醬汁好唰嘴😋\n\n📍村佶韓式豬肉湯飯： @chi.pork.soup\n\n☑️台南市安平區府前四街94號\n☑️電話：06-2935888\n☑️營業時間：11:00-14:00/17:30-20:30\n\n©️圖文、影片版權皆為「Mandy’s 美食筆記」所有，未經許可請勿轉載使用⚠️\n\n#Taiwan #Tainan #Tainanfood #台南 #台南美食 #台南韓式 #台南韓式料理 #台南韓式炸雞 #台南炸雞 #台南必吃 #台南隱藏版美食 #台南旅遊 #台南旅行 #台南午餐 #台南晚餐 #台南安平 #台南安平美食 #安平 #安平美食 #安平區美食 #台南餐廳 #韓式 #韓式料理 #炸雞 #豬肉湯飯 #韓式炸雞 #村佶 #村佶韓式豬肉湯飯'),(52,'mumu_eatfood',47,NULL,'https://www.instagram.com/p/C9_l84Ov1nn/','🇰🇷台南｜韓墅｜平價美味的韓式料理\n#台南新店 #新店報報 #台南韓式料理\n發現神農街附近新開了一間韓式料理\n小巧簡約木質風格\n用餐環境乾淨舒適\n餐點都很平價美味\n喜歡韓式料理的朋友們請收藏起來\n\n✿起司春川炒雞 $𝟮𝟳𝟬\n一整份 份量十足\n適合兩人分食\n辣中帶甜的醬料很開胃\n雞肉肉質嫩口\n搭上濃郁起司香濃好吃\n\n✿牛肉搖滾便當 $𝟭𝟴𝟬\n食用前先搖一搖混合均勻\n整體很夠味 肉質嫩\n泡菜酸辣與麻油海苔香氣更增添層次\n簡單又家常的便當我也好喜歡\n\n✿泡菜豬肉豆腐鍋 $𝟭𝟲𝟬\n均會附上一碗白飯\n湯頭濃郁 入口酸辣感\n尾韻則是泡菜的鮮甜\n滿滿的一碗料很實在\n豆腐柔軟綿密 吃完很有飽足感\n\n✿番茄牛肉辛拉麵 $𝟭𝟱𝟬\n麵體Q彈 湯頭濃郁\n尾韻有鮮甜感\n搭配一顆半熟蛋簡直太幸福了\n\n❁推薦指數：⭐️⭐️⭐️⭐️\n\n𝗜𝗚: @korean.cuisine.1\n\n🇰🇷韓墅\n📍地址\n台南市中西區康樂街321號\n⏰營業時間\n週一～五 17：00-22：30\n週六、日 11：00-14：00\n17：00-22：30\n（公休看IG）\n\n#台南 #臺南美食 #韓墅\n#台南平價韓式料理 #韓國料理\n#韓式料理 #台南韓式料理\n#台南午餐 #台南晚餐\n#台南咖啡廳 #台南早午餐\n#台南小吃 #台南美食\n#台南中西美食 #臺南 #臺南景點\n#台南美食地圖 #網美集散地\n#tainan #tainanfood #台南巷弄美食\n#instagood #tainanfoodie\n#popyummy #popyummy台南\n#yummyfood #yummyday'),(53,'greta.fd',48,NULL,'https://www.instagram.com/p/C5n3e88yzn1/','/\n友愛市場的夜間餐酒館，每人低消一杯飲品，餐點都溫溫的，不是很熱。看看這玉子燒的厚度，已經暴動！清爽的塔塔醬，搭配厚實玉子燒一絕。\n\n柚子胡椒明太子義大利麵的醬汁完全收乾，層次豐富，有柚子味、火腿的煙燻味、微辣的胡椒及明太子，吃得欲罷不能。\n\n✔️蒜味蝦蝦 $190\n✔️玉子燒三明治 $130\n✔️蜂蜜檸檬泡泡飲 $75\n✔️有怪獸！酒花蘋果酒 $190\n✔️柚子胡椒明太子義大利麵 $280\n\n🏠珠珠Tapas\n🔖@jujutapas\n⛳️台南市中西區友愛街117號 (友愛市場35號)\n💋美味程度8️⃣5️⃣\n💃再訪意願8️⃣5️⃣\n🔗#greta台南遊'),(57,'mr.xx_foodie',52,NULL,'https://www.instagram.com/p/C6YYEB7L5m7/','#mr吃台中\n好運燒肉\n📍台中市西區五權西六街 20巷15號\n📌蔥鹽玉子飯$80\n📌厚切/薄切牛舌$180\n📌厚切牛小排$120\n📌日本和牛五花$400\n📌厚切板腱牛$100\n📌再來一碗湯$80\n———————————\n一個人也可以大口吃燒肉～沒有低消還有專人代烤！\n隱身在美術館附近巷弄内的日式炭火燒肉店，座位不多建議訂位，以牛肉為主打，也有少許的豬跟雞，肉品現點現切，每盤燒肉只要百元起，也有組合套餐，爆炒雙蔥都以免費續，CP值真的超高，肉品部位選擇很多元，厚切薄切都可以真的超貼心，肉質沒話說，私心超愛厚切牛舌還有厚切牛小排，厚實的口感好過癮，滿滿的肉汁和牛油花分佈均勻，香氣四溢相當嫩口！\n另外還有一些單點品項我超級推薦，牛肉湯、蔥鹽玉子飯搭配肉品一起吃超過癮，最後一定一定要來一份甜點布丁，滑嫩綿密甜度剛剛好，榮登最驚豔的品項之一！\n📎營業時間：17:00-23:00\n📎☎️0989 241 988\n\n#台中美食 #台中燒肉 #台中燒肉推薦 #台中晚餐 #台中餐廳 #台中餐廳推薦 #台中個人燒肉 #台中西區美食 #台中宵夜 #台中日式燒肉 #台中美食推薦 #好運燒肉 #燒肉 #taichungfood #台中美術館美食 #台中燒肉必吃 #日式燒肉'),(58,'jojoxdaily',53,NULL,'https://www.instagram.com/p/C9uATcnyZ8x/','🍜台中·麵屋清流🥢\n（台中人氣拉麵推薦👉🏻👉🏻👉🏻\n-\n👉🏻 #jo愛吃台中 👈🏻\n今天來當干貝富翁✨\n\n位在台灣大道上的超人氣拉麵店「麵屋清流」\n每每經過總是滿滿排隊人潮\n先排隊點餐後取號碼牌單\n這天來享用期間限定好滋味😋\n\n🔸#波波昆布貝貝魯多極上雞清湯之魔幻舞台 $310/干貝富翁再加兩顆 $60\n🔸#醇濃辣麻海老心 $310\n\n就是這碗滿滿干貝的魔幻舞台拉麵\n超級吸引我(ᵒ̴̶̷᷄⌑ ᵒ̴̶̷᷅ )\n直接再加$60升級成共四顆干貝✨\n另外還搭配了叉燒和舒肥雞肉片\n整碗吃起來鮮美無比\n不會過於膩口，算是很清爽的一碗拉麵\n\n喜愛較濃郁的朋友推薦吃看看「醇濃辣麻海老心」\n辣度可以自行調整\n湯頭是超級濃的蝦湯\n去殼鮮蝦還擺了可愛的愛心🫶🏻\n口味較重，最後也很適合加碗白飯配著吃喔！\n\n_________________________________\n🍜麵屋清流\n📍台中市西區臺灣大道二段48號\n🕚11:30-13:30/17:30-20:30 (13:30&20:30為最後點餐時間）\n❌週日、一公休\n_________________________________\n-\n#台中#台中美食#台中拉麵#西區美食#台中鹹食#台中西區#干貝#雞白湯#叉燒#拉麵#🍜#ラーメン#麵屋清流\n#taichung#taichungfood#ramen#jo愛吃台中'),(59,'rock_love_food',54,NULL,'https://www.instagram.com/p/C2SAM3Qrbz0/','.\nTor Dāy\n\n隔了一個多月再來二訪\n很明顯就是為了來吃東西\n\n透南風$380\n雲繚拉拉山 $380\n慢熱山丘 $420\n月映鐘乳石 $400\n金色一品蔥油拌麵 $240\n福祿壽三杯羅蔔糕 $220\n\n可惜假日吃得比較少\n但是大推蔥油拌麵\n雖然一碗240的拌面有點貴\n但醬汁真的很好吃\n而且還是我愛的細麵\n搭配一顆蛋黃拌在一起跟本完美\n\n台中市西區公正路210巷40號\n20:00-02:00\n\n#台中美食 #台中酒吧 #torday #rock吃台中 #rock喝酒'),(60,'bao.foodaily',55,NULL,'https://www.instagram.com/p/C859PzXvJ4i/','台中市｜西區｜韓式\n🔅 掰哩掰哩 韓食料理\n今天來吃以前就吃過幾次的台中經典韓式\n雙人套餐只要 $ 759起🔥🔥🔥\n超多樣韓式小菜全部免費續\nCp值很高呀💕💕\n\n老實說以前吃過幾次沒特別印象深刻\n但這次點了跟以前不一樣的餐點⋯\n沒想到居然意外的很好吃欸！！😳😳😳🔥\n\n這次最喜歡的餐點有 #蟹膏麵 #蟹膏飯\n#糖醋肉 #蒜香蜂蜜炸雞 ✨\n\n蟹膏麵的新鮮蟹膏伴隨特製韓式起司醬料⋯\n超級罪惡又好吃🥺一口一口非常夠味啊！\n蟹膏飯也是朋友大推可以吃完一整碗的餐點\n建議大家一定要升級🥰🥰\n\n不敢吃韓式辣醬的朋友\n一定要吃他們的蒜香蜂蜜炸雞✨\n香氣超級棒又有層次感\n吃好幾塊都完全不會膩🤤💕💕\n\n韓式經典糖醋肉我也很喜歡\n炸的香酥的肉條沾上酸甜糖醋醬\n怎麼能讓人不愛🔥🔥\n\n推薦大家快來！\n\n🔸 雙人套餐 $ 759\n▫️馬鈴薯豬骨鍋+90\n▫️蟹膏飯 + 59\n▫️蟹膏麵 +19\n▫️糖醋肉（小）\n▫️青檸香柚泡泡 +39\n▫️青檸莓果泡泡 +39\n🔸蒜香蜂蜜炸雞（小） $ 239\n🔸粉紅玫瑰年糕 $ 169\n\n📍 403台中市西區大墩十街75號\n☎️ 04 2320 5028\n⏰ 11:30-14:30（供餐至13:45）\n17:30-21:30（供餐至20:30）\n\n#台中韓式 #台中韓式料理 #台中韓式炸雞 #掰哩掰哩 #掰哩掰哩韓食料理 #台中西區美食 #台中美食 #韓式料理'),(61,'jojoxdaily',56,NULL,'https://www.instagram.com/p/C91u9YuyHXd/','🍱台中·伴蒔 Ban Shi🥢\n（台中新店報報👉🏻👉🏻👉🏻\n-\n👉🏻 #jo愛吃台中 👈🏻\n隱藏在巷弄內的 @banshi0525\n是台中近期新開幕的台菜定食餐廳\n店內滿滿綠色植栽和鹿角蕨\n佈置的滿有溫馨感\n\n餐點以各類台菜飯食為主\n每人低消套餐一份\n\n🔸紅燒牛腩飯 套餐 $349\n🔸蔥鹽松阪豬 套餐 $379\n🔸台台手切魯肉飯 套餐 $130\n\n這天我自己主要是吃魯肉飯套餐\n套餐都會附上小菜和例湯\n手切魯肉肥瘦勻稱\n搭配半熟蛋很加分\n\n「蔥鹽松阪豬」肉片煎的微酥香\n吃起來脆口彈牙\n蔥鹽不會過鹹，整體還滿下飯的\n\n牛腩飯這裡也有\n一盅裡頭紅白蘿蔔、肉塊相當豐富\n另外也有牛腩麵可以選擇喔！\n\n_________________________________\n🍱伴蒔 Ban Shi\n📍台中市西區美村路一段102巷2弄一號\n📞04-23266684\n🕛12:00-20:00\n🔍IG : @banshi0525\n_________________________________\n-\n#台中#台中美食#台中新店#台中新開幕#台中鹹食#台中西區#西區美食#勤美#勤美美食#伴蒔#魯肉飯\n#taichung#taichungfoodie#Banahi#jo愛吃台中'),(62,'daisy.the.foodie_',57,NULL,'https://www.instagram.com/p/DBI_yDRzoqT/','台中超美義式料理✨\n位於勤美的巷弄老宅\n餐點都超有水準.ᐟ.ᐟ.ᐟ.ᐟ\n從湯品到主餐都讓人超驚豔\n喜歡義式一定要收藏起來( ˶ˊᵕˋ)੭♡\n-\n小卷海膽義麵鮮味十足🦐\n每一口都超級濃郁\n干貝燉飯完全是必點\n加入吻仔魚多了一個鮮味\n香辣雞翅炸的很酥脆超級香🌶️\n還沒吃過一定要來試試.ᐟ.ᐟ.ᐟ.ᐟ\n-\n➿海鮮義麵 $460\n➿小卷海膽義麵 $440\n➿干貝燉飯 $480\n➿豬肋松露燉飯 $560\n➿安格斯牛 $890\n➿香辣雞翅 $280\n➿極黑薯條 $250\n➿葡萄柚氣泡/葡萄氣泡 $110\n➿水蜜桃氣泡/百香果氣泡 $110\n-\n▪️秋分Qiūfēn Cuisine\n台中市西區公正路156巷19號\n▪️店家ig｜ @qiufen_cuisine\n▪️營業時間｜12:00-14:30/17:30-21:00\n週一二公休\n▪️電 話 ｜0958-668-019\n\n#台中美食 #台中小吃 #台中餐廳#taichungfood #台中義式 #台中慶生 #西區美食 #台中晚餐 #台中老宅#勤美美食 #勤美餐廳 #台中美食地圖#台中義大利麵#台中雞翅#台中牛排#daisy吃台中'),(63,'littlecandyeateat',58,NULL,'https://www.instagram.com/p/DB4_tReT1oy/','🌟迴香印度餐廳 Savory Curry 👉🏻👉🏻👉🏻菜單往後 開在廣三sogo後面巷弄內的印度咖哩餐廳，店門口的水泥牆挺不顯眼，看起來有點隱密，沒想進門之後通過長廊別有洞天！溫馨的暖光設計以及乾淨整潔的環境，寬敞的空間用餐起來也很舒適，！店家是印度大廚掌廚，提供最正統的北印料理，相較於南印更著重餅類的餐點！菜單提供多樣口味，介紹讓小堂果每個都好想試試看呀><！\n💰 北印香料咖哩250＋羊肉90\n堅果咖哩250＋雞肉60\n升級套餐80（烤餅＋60元飲品）\n奶油起士烤雞260\n印度香料脆球220\n辣味烤餅80\n爆漿起士烤餅100\n芒果優格飲80\n可樂60\n\n兩款咖哩小堂果都好喜歡而且份量都超多！！堅果咖哩的將腰果打成泥後散出的奶香甜味非常明顯，搭配雞肉非常合適。北印香料咖哩的話有辛口感且味道很濃郁，青椒的味道也有一點重（不喜歡的要留意），配烤餅或是白飯都很合適，但他們的白飯吃起來比較軟黏一些。\n\n奶油起司烤雞真的必點，醃製過後的肉質很軟嫩入味，奶油的香氣明顯，就算冷掉也很好吃ＸＤ，店家搭配沙拉跟香菜優格醬一起食用，不過小堂果自己會把它拿去沾咖哩吃也很讚嘻嘻=3=～\n\n北印咖哩的特色烤餅真的推推，來這間沒點真的可以不用來了（嘴秋），烤餅本身不會太硬就很加分，起士像瀑布一樣超多卻不會膩口，一份四片很適合跟朋友一起分享，辣味烤餅外觀很欠吃，但使用朝天椒，所以辣度就有點高（店家一直提醒真得會很辣），慎點。飲品推薦芒果優格飲，喝得出來用料很實在，不會太甜外也可以解膩順便護腸胃ＸＤ？\n💎\n美味程度 4.5/5\nCP 4.5/5\n回訪 4/5\n📍\n地址：台中市西區明義街47號 營業時間：1130-1430、1700-2100，週二公休\n#小堂果吃吃在台中\n\n#台中 #台中美食 #台中咖喱 #台中咖哩 #台中咖哩飯 #咖喱 #咖喱飯 #咖哩 #咖哩飯 #印度 #印度料理 #印度咖哩 #印度咖喱 #迴香 #迴香印度餐廳 #印度餐廳 #台中印度料理 #台中印度餐廳 #台中印度咖哩 #taichung #台中西區 #台中西區美食 #台中西區景點 #廣三 #廣三sogo #勤美 #勤美美食 #taichungfood #taiwan'),(64,'27_food4',59,NULL,'https://www.instagram.com/p/DDTS7VezN6n/','台中第二市場對面超人氣深夜食堂💗\n居然從晚上九點營業到凌晨五點🔥\n主打超多種最新鮮的生蠔\n牛肉生蠔卷、生蠔茶碗蒸還有生蠔味增湯\n居然還吃得到《日本渦潮岩王生蠔》❗️\n\n但其實他們其他食物也是道道無雷\n完美的爆漿金沙雞佛 還有雞佛茶碗蒸🥰\n烤到恰到好處的串燒 除了包入生菜的豬肉捲\n連韭菜和香菜都有🥹\n連超少見的雞牡蠣部位都有👍\n\n主食的日式炒麵、胡麻冷麵份量很多\n就連漢堡排在這裡都吃得到🤤\n鮭魚烤飯糰搭上鮭魚卵 讓你親子一次滿足🤣\n還不知道台中宵夜吃什麼的可以來試試看❤️\n\n📌日本渦潮岩王生蠔²⁵⁰\n📌通風生蠔³⁵⁰\n📌月見生牛肉²¹⁰\n📌雞牡蠣（2串）¹³⁰\n📌雞肝豬肉捲（2串）¹²⁰\n📌爆漿金沙鷄佛（2串）²⁰⁰\n📌松露奶油雞（2串）¹⁴⁰\n📌香菜豬肉捲（2串）¹²⁰\n📌韭菜起司豬肉（2串）¹³⁰\n📌生蠔牛肉捲（2串）²⁴⁰\n📌鹽蔥厚切牛舌（2串）³⁰⁰\n📌生菜豬肉捲¹³⁰\n📌明太子雞佛茶碗蒸¹⁵⁰\n📌松露生蠔茶碗蒸¹⁵⁰\n📌月見漢堡排¹⁵⁰\n📌奶油蒜香酒蒸蛤蜊²²⁰\n📌自製墨魚唐揚雞¹⁵⁰\n📌奶油可樂餅¹⁸⁰\n📌日式炒麵¹³⁰\n📌玉子胡麻冷麵¹²⁰\n📌鮭魚親子烤飯糰⁹⁰\n📌生蠔味噌湯¹⁰⁰\n\n#金町深夜酒食居 #金町\n📍台中市中區臺灣大道一段376號\n⏰21:00-05:00\n❗️不定時公休；公休日建議查看店家資訊\n☎️04-22255567\n📝沒用低消$400；酌收5%服務費\n🔖店家資訊： @jin_ding2023\n🏷️標籤搜尋：#台中吃齊來\n#台中美食 #台中居酒屋 #台中宵夜\n#台中串燒 #台中酒吧 #台中日式料理\n#台中火車站美食 #台中火車站宵夜\n#中火美食 #中火宵夜 #第二市場美食\n#第二市場宵夜 #中區美食 #中區宵夜\n#中區居酒屋 #台灣大道美食\n#taiwan #taiwanfood\n#Taichung #taichungfood'),(65,'_dream.007',60,NULL,'https://www.instagram.com/p/DBGs4Jey_g3/','☀️☕️\n\n#台中 #台中咖啡廳 #台中南屯 #台中甜點 #台中下午茶 #台中美食 #日式 #百摺裙'),(66,'charlie.z.t.h',61,NULL,'https://www.instagram.com/p/DCbvuTczlqL/','2024.11.16\n原來有時候 離開\n是彼此都需要的喘息\n-\n這次來吃lay low 的新品牌sozai(所在的台語）\n先來講講我很喜歡的幾道🥰\n無花果配上雞肝慕斯配上吉拿棒\n一開始還以為是一道甜點 結果配在一起\n清爽的無花果綜合掉雞肝的鹹味 依附在吉拿棒上🫶🏻\n然後螃蟹🦀撈飯拜託不要錯過 那個蟹味濃郁\n配上臘腸 米飯 台灣人一定會愛死🥹\n最後是我看到 @anny_wang 發的Affogato\n可以自己選費南雪 滿滿的儀式感🫡\n搭配冰淇淋跟咖啡 也是瞬間掃盤\n-\n手拆禿黃油撈飯🔹680\n時令時蔬🔹360\n蔥油中卷🔹420\n香辣燒肉串串🔹580\n荷西 雞肝慕斯&生火腿🔹370\n日治蒙布朗鰻🔹260\n\n-\n📯 台中市西區美村路一段133巷22號2樓\n⏲ 14:30-23:30平日/12:30-23:30假日\n🎪 @sozai.taichung\n💸預約制，10%服務費\n-\n#窩吃故我在\n#窩吃故我在台中\n#台中#台中美食 #台中新店 #台中小料理 #小料理 #laylow #sozai #台中新店 #試營運\n#taichung#taichungfood#新店報報'),(67,'williameatsallthetime',62,NULL,'https://www.instagram.com/p/CZE3RqfPltd/','三元韓式花園餐廳\n每年周年慶都有五折優惠\n（內用及外帶都五折）\n平常想吃又覺得貴的朋友\n可以趁著個機會大吃一頓\n台中總店在東海大學對面\n老闆、主廚、食材都是韓國來的\n有一個大院子還有一個停車場\n非常好停車\n小菜總類很多大部份都好吃\n而且吃完可以請服務人員續盤\n沙拉很新鮮，佐醬酸酸甜甜的\n韓國人雖然常吃烤肉，\n但是他們配上很多的青菜\n生菜包肉就是常見的吃法\n三元的烤肉很好吃\n加味牛小排、椒鹽肋眼、豬五花、\n都非常推薦，\n可以請服務人員幫你烤好，\n不用怕弄的一身味道，\n推薦海鮮煎餅、豆腐鍋、\n石鍋拌飯、人參雞湯，\n我覺得是台中最好吃的豆腐鍋\n豆腐嫩到不行配上蛋花、蝦仁、花枝，辣度適中讓你不知不覺把飯扒完，\n還意猶未盡。\n另外還有適合小朋友的韓式蒸蛋、\n牛排湯不用擔心小朋友要吃什麼。\n⁡\n三元韓式花園餐廳\n台中市西屯區台灣大道1962號\n04-2359-4066\n11:30～14:00；17:00～21:00\n有停車場\n#台灣 #台中 #台中市 #台中西屯 #台灣大道 #三元花園韓式餐廳 #韓式料理 #韓式烤肉 #韓國烤肉 #韓國美食 #韓國料理 #台灣美食 #台灣旅遊 #台中美食 #台中餐廳 #台中燒肉 #西屯 #西屯美食 #東海美食 #食在好初eatsallthetime #台中美食推薦 #台中必吃 #台中旅遊'),(68,'food_hunter68',63,NULL,'https://www.instagram.com/p/C7oVzfrP_uT/','👈左滑看菜單👈\n\n台中第二市場裡，有兩家魯肉飯排隊名店，一家是從清晨開到下午的山河，一家是從下午開到半夜的李海，兩家各有擁護者，好在接力營業，一整天都可以吃到美味魯肉 😍\n\n中南部說的魯肉飯，就是北部說的控肉飯，李海魯肉可選肥瘦，我請阿姨挑瘦一點的肉，一入口就驚豔，肉排滷的通透軟嫩，雖是瘦肉卻不乾柴，加上油亮肥肉，整塊就是入口即化又不膩口\n\n至於白飯口感不錯，粒粒分明，肉燥淋的剛好，每一粒飯都均勻裹上醬汁，鹹香夠味，解膩小物除了隨飯附的醃瓜，大推桌上的酸菜，飽滿多汁，最怕吃到滿滿纖維的酸菜了，整碗我都很愛\n\n這裡小菜也有滿多選擇，可以看餐台直接點，不少人都點了油豆腐和白菜滷，表現也不賴，油豆腐吸飽滷汁，入味多汁，白菜滷有噴香的蝦米氣味，兩個都是配飯好夥伴，李海開到凌晨3點，宵夜可以吃這個也太幸福 ❤️\n\n你愛李海還是山河？歡迎留言跟我說 😎\n\n🔸 魯肉飯 $70\n🔸 白菜魯(小) $20\n🔸 魯蛋 $20\n🔸 油豆腐(小) $15\n\n🏘️ 李海魯肉飯\n📍 台中市中區三民路二段85號98攤位\n📞 04-2226-0180\n⏳ 週四~週二 16:00-3:00, 週三休\n\n#爌肉飯 #滷肉飯 #魯肉飯 #控肉飯 #宵夜 #台中 #台中美食 #台中美食推薦 #台中小吃 #台中必吃 #台中美食地圖 #台中中區 #台中宵夜 #銅板美食 #排隊美食 #巷弄美食 #美食推薦 #美食日記 #平價美食 #美食分享 #台中中區美食 #中區 #相機食先 #手機食先 #小吃 #台灣小吃 #台灣美食 #中區美食 #taichungfood #taiwanfood'),(69,'ray_foodie________',64,NULL,'https://www.instagram.com/p/DBpyd1iv4XO/','📍《#山菜一湯 》⁣⁣⁣⁣⁣⁣⁣⁣⁣⁣⁣⁣⁣⁣⁣⁣⁣⁣⁣⁣⁣⁣⁣\n#鐘錶行內的日式飯糰🍙\n\n山菜一湯以#陳氏朝食 起家\n一開始在太平擺攤的時候就有吃過了😍\n現在終於有了店面！ 就位在台中火車站綠川附近\n店面保留前身鐘錶行的部分招牌 很特別！\n\n餐點部分都是組合餐\n含2顆飯糰、配菜、湯品、飲品、點心 超澎湃🤩\n老闆捏飯糰的時候也超活潑 很有趣😆\n我們點的四款飯糰都超好吃 完全無雷💯\n特別喜歡「蛋蛋大爆發」\n上頭的醬油漬蛋黃鹹香入味 而且飯糰裡還包入玉子燒\n雙蛋一次滿足🤤\n大切燻鮭魚肉質很細緻 打拋豬吃起來微微香辣\n都好喜歡❤️\n而且配菜當天吃到玉子燒、水果、櫛瓜、烤雞腿串\n那個雞腿的嫩口真的是讓我念念不忘꒰ ´͈ω`͈꒱\n湯品部分我超愛「野菜豬肉味噌湯」👍🏻\n最後的點心-磅蛋糕也是沒有在馬虎😌\n吃完如果還吃得下 可以來隔壁的第四信用合作社吃冰😌\n·\n∗ 組合餐³⁸⁰｜飯糰兩入、配菜、湯品、飲品(折抵$100)、點心\n👉🏻飯糰｜打拋豬肉 ⁺²⁰、炙燒鰻魚 ⁺²⁰、大切燻鮭魚 ⁺⁶⁰、蛋蛋大爆發 ⁺⁶⁰\n∗ 泰式奶茶 ¹⁵⁰/天仁紅茶 ¹⁰⁰\n·⁣⁣⁣⁣⁣⁣⁣⁣⁣⁣⁣⁣⁣⁣⁣⁣⁣⁣⁣⁣\n🏠台中市中區中山路80號\n⏰平日10:00-15:00/假日10:00-16:00(公休日請查看店家𝐼𝐺)\n☎️04-22280328\n📍𝐼𝐺: @soup_rice_80\n▪️每人低消一份組合餐/客滿時限時80分鐘\n🏷️標籤搜尋🔍 #叡叡吃台中\n·⁣⁣⁣⁣⁣⁣⁣⁣⁣⁣⁣⁣⁣⁣⁣⁣⁣⁣⁣⁣⁣⁣⁣⁣⁣⁣⁣⁣⁣\n#Rayの食記 #日式飯糰 #台中飯糰 #台中美食 #台中中區美食 #台中早餐 #台中早午餐 #台中午餐 #台中必吃 #taiwanfood #Taichung #Taichungfood #taichungbrunch'),(70,'lunafoodie_',65,NULL,'https://www.instagram.com/p/DAk5mlQzlyR/','｜雙子村咖哩｜#新店報報\n在南屯新開的質感風咖哩店，以車站為主題的裝潢與用餐體驗，入門會先給車票入場，座位皆為吧台桌，中午不休息～\n🍛手工炸漢堡排咖哩定食$280\n🍛日式唐揚雞咖哩定食$260\n套餐不僅有雞湯還有甜點，且白飯與雞湯都能免費續一次，非常管飽！喜歡漢堡排的我蠻推薦點的，他們的漢堡排滿厚實的而且很多汁，外皮炸得也很酥脆且不會厚重，整體來說是很不錯的咖哩店！\n📍 台中市南屯區黎明路二段75號\n🗓️ 每日11.- 21:30\nℹ️ 評論贈飲品或炸物\n#新開幕 #試營運 #台中新店 #台中新開幕 #台中試營運#luna吃台中 #lunafoodie #台中美食#台中 #台中小吃#台中銅板美食#銅板美食 #台南屯美食 #南屯美食 #台中午餐 #台中晚餐 #台中宵夜 #台中必吃 #台中好吃 #台中探店 #taichung #taichungfood #台中餐廳 #雙子村咖哩 #台中咖哩'),(71,'eat_allen',66,NULL,'https://www.instagram.com/p/DDZKiNEhMTy/','🎄推薦大家來這裡過聖誕節🎄#台中新開幕\n而且店內有滿滿的聖誕氛圍呢💯\n而且被這個馴鹿拉花深深吸引呢🫎\n點熱的就可以拉花囉😍\n#蛋沙拉G胸堡 我推薦他們的這款\n雞胸很嫩裡頭的薯泥蛋沙拉超愛的🤎\n甜點的#蜜香紅柚巴斯克 蠻真材實料的\n對了他們也是寵物友善餐廳🍴\n\n📅12/24 19:00前報到19:30開始\n店家在平安夜有舉辦活動\n大家可以過去那邊一起看電影\n一起渡過平安夜🧑‍🎄\n🎥還會不定期的放映其他電影唷\n\n✔️蛋沙拉G胸堡💰150\n✔️德式香腸起司堡💰120\n➕升級豪華套餐💰100\n✔️拿鐵咖啡(H) 💰140\n✔️巧克力歐蕾（H)💰130\n✔️日式焦糖布丁💰120\n✔️蜜香紅柚巴斯克💰165\n\n《#放映咖啡 》\n👣 台中市北區自強街33巷16號1樓\n📞 04-23605362\n🕤 12:30-20:30(公休日請看店家IG)\n🔍 @funin_cafe\n\n#台中美食 #台中 #台中咖啡 #台中咖啡廳\n#台中北區 #台中北區美食 #北區美食\n#taichung #taichungfood #台中早午餐\n#台中試營運 #台中新店 #台中新店報報'),(72,'lunafoodie_',67,NULL,'https://www.instagram.com/p/DBa-PCJTBQJ/','｜夜葉食堂文心店｜\n在台北跟台中評價都很不錯的夜葉食堂，台中有不只一家分店，店內座位不多，不過有戶外座位，價位都不算太貴，唯獨烤物的上菜時間會稍微久一些\n🍝明太子白醬烏龍$110\n🦪酒蒸蛤蜊$160\n🍗明太子雞腿肉$60/醬燒雞腿肉$40\n🍖蔥鹽牛肋條（兩串）$110\n🥩辣味增松阪豬（兩串）$110\n🍄醬燒杏鮑菇$60\n這次點的我都很喜歡！白醬烏龍麵不會太膩，醬汁不是很稠的白醬但味道也還是很夠，再來是蛤蜊很新鮮大顆；烤物很喜歡明太子雞腿肉跟辣味增松阪豬～肉質跟調味都很不錯～\n📍 台中市西屯區文心路三段62號1樓\n🗓️ 每日18.-凌晨1.\n\n#luna吃台中 #lunafoodie #台中美食#台中 #台中小吃#台中銅板美食#銅板美食 #台中西屯美食 #西屯美食 #台中晚餐 #台中宵夜 #台中必吃 #台中好吃 #台中探店 #taichung #taichungfood #台中餐廳 #夜葉食堂 #夜葉食堂文心店 #台中居酒屋'),(74,'i.am.olafood',68,NULL,'https://www.instagram.com/p/C2UoXK5PEf9/','🍚 #裡小樓小料理／台中\n#新店報報\n台中在地人姆媽帶我們來吃新店✨\n@lixiaolouryori 是去年12月開幕的老宅改建餐廳，\n位在逢甲夜市外圍，店內分為一樓的吧檯座和二樓的預約席，坐在一樓可以欣賞開放式廚房熱鬧的戰況\n主打的是日式風格的小品台菜，\n從小菜、煲湯、滷肉飯到甜點都吃得到，\n還有黑板上的每日限定菜色\n-\n🫛四季燻豆皮（50元）\n🐖醬冬瓜滷肉飯（圖3，50元）\n🥚紅油燒椒皮蛋（80元）\n🐟麻糬烏魚子（90元）\n🐓香酥手撕雞（圖4，120元）\n🦑五味鮮蝦釀透抽（圖2，130元）\n🍲酒家四寶湯（圖5，200元）\n🧆油封干貝（圖6，250元）\n-\n滷肉飯鹹香油亮、帶點冬瓜的甘，肥瘦適中且滷汁給的很足，白飯本身也是粒粒分明\n四寶湯可以吃到鳥蛋、排骨、豬肚、蛤蠣和香菇，湯本身卻不過於油膩，根本是有氣質的佛跳牆😆\n手撕雞搭配炸過的地瓜、芋頭和牛蒡刨絲，以胡麻為基底調味，口感十足又特別！\n其他小菜也都表現很棒，可以感受到每樣食材的用心調味\n尤其油封干貝的醬料更是好吃到可以拿來配飯(⑉･̆༥･̆⑉)\n-\n整體而言，\n裡小樓提供質感滿分的台菜和特色的用餐空間\n就算獨自前往也能享受到多款菜色\n每樣餐點都讓人有驚喜感\n推薦給喜愛台式料理的大家！\n因為座位不多強烈建議訂位喔\n-\n地址：407台中市西屯區西屯路二段293巷50號\n電話：02-24525657\n營業時間：11:30-14:30／17:30-20:30\n（週日晚上+週一公休）\n-\n看更多我的好想住台中系列➡️ #雪寶在台中\n看更多我的最愛小吃系列➡️ #雪寶吃小吃\n-'),(75,'_anna.yen_',69,NULL,'https://www.instagram.com/p/DCmd7jJy7tA/','「吃口甜的，心情會好一點」\n如果生活有點苦，那就讓自己加點甜，\n太單一的口味不耐吃。 專注自己擁有的，並為此感到驕傲，\n每天都能像慶典般豐富。 𖥻桐生日式可麗餅\n⸝⸝⸝米克斯水果派對\n⸝⸝⸝酒漬櫻桃提拉米蘇\n\n➯桐生日式可麗餅\n🅶Google評分4.0\n𖠿40444台中市北區一中街179巷1號\n☏ 0422252665\n✦星期二-日14:00–21:00、星期一公休日\n#台中 #台中美食 #台中甜點 #約會 #可麗餅 #甜點'),(76,'cokexing',70,NULL,'https://www.instagram.com/p/DDZYCZuPpcY/','｜古辰希子GCCZ 日式刨冰 光復新村店｜\n\n繼上次去吃完柿子冰後\n聽老闆說之後會有草莓系列的刨冰～\n趁著假日，我又拖著樂高去吃啦！\n\n莓心莓異\n店家很用心的把草莓用成愛心形狀\n基底以抹茶為主，上面還會淋上自製的草莓醬\n裡面挖開吃的到奇異果、草莓還有抹茶凍\n酸酸甜甜的尾韻還會帶有一點抹茶味\n日式刨冰口感綿密細緻\n（所以會融的比較快，拍照要拚速度🤣🤣）\n\n莓滿人生\n聽店家介紹，這碗冰總共會用12-15顆草莓，\n喜歡吃草莓的點這碗吃，幸福感加倍！\n上面會有一顆手工布蕾口感是屬於比較紮實的\n刨冰裡面有一球香草冰淇淋\n還有Q彈的棉花糖每一口都好滿足～\n\n現在草莓的供應還沒有很穩定量比較少\n所以上面2種刨冰是限量的～\n如果覺得霧峰距離比較遠，還有分店在一中喔！\n\n︎更多好吃好玩 歡迎追蹤 @cokexing\n..\n‣ 古辰希子 一中商圈/光復新村\n‣ @gccz_official\n‣ 週一公休（詳細資訊粉絲專頁）\n‣ 11:00-17:00\n‣ 台中市霧峰區和平路13號\n台中市北區三民路三段164巷2號\n\n分類標籤\n#樂樂玩食冰店\n#樂樂玩食霧峰區 #樂樂玩食一中商圈\n..\n#樂樂玩食記 #台中美食#台中必吃#日式刨冰 #台中下午茶#台中冰店 #霧峰區美食 #光復新村 #中友美食 #一中美食 #一中商圈 #中友百貨'),(77,'yyoopp.food',71,NULL,'https://www.instagram.com/p/C3RNkxVvVAU/','#拉麵地圖 #台中拉麵\n\n台中千璽 鶏パイタン拉麵專賣店位於文心路上，店內位置不多為L型，餐點品項種類約5-6項，可以快速選擇餐點🤣\n\n🔸 海膽蟹肉干貝雞濃湯$300\n（後➡️有菜單）\n\n「海膽蟹肉干貝雞濃湯」內含超大一顆炙燒干貝、巨大蟹肉、白嫩雞肉、溏心蛋，最後再點綴上新鮮海膽，湯頭的超濃郁感覺喝到滴雞精的感覺，非常順口且不膩，拉麵的口感軟硬適中份量十足！看起來不多但吃完後超級飽🤩\n\n千璽 鶏パイタン也有很多其他熱銷商品如炙燒雞豚叉燒飯，跟唐揚炸雞！下次會想再前往試試他們的其他品項💕\n\n🔍店家資訊：千璽 鶏パイタン專門\n📍地址：407台中市西屯區文心路三段66號\n⏰營業時間：11:30-14:30 17:00-23:00\n\n想看更多好吃好玩>>> @yyoopp.food\n\n#台中美食 #台中拉麵推薦 #台中拉麵店 #私藏拉麵🍜 #台中文心森林公園 #台中文心路美食 #日本拉麵 #日式拉麵推薦 #拉麵 #拉麵控🍜 #台中西屯區美食 #西屯美食 #西屯拉麵 #西屯美食推薦 #拉麵推薦 #雞白湯拉麵 #台中拉麵日記 #台中拉麵精選#千璽公子鶏パイタン專門 #千璽❤️'),(78,'foodie.taiwan',72,NULL,'https://www.instagram.com/p/CMYo2GsD5IY/','📍台中市 | 北區\n❤️李記麻糬\n⠀\n🌐台中市 | Taichung City\n⠀\n🇹🇼(中文)\n位於台中西屯路的李記麻糬\n已經默默飄香數十載啦~~ 🤗\n秉持著嚴謹的直人經人，堅持用心製作好麻糬，\n靠著好口碑，讓饕客不遠千里來朝聖！ 😋\n⠀\n用愛手工製作就是好吃的秘訣💓\n每個步驟都不馬虎，只為做出最好吃的麻糬！😉\n⠀\n一盒10顆可以嘗到2️⃣種不同口味的內餡！\n香甜的紅豆餡讓人無法抗拒💕，口感\n更是讓人經驗，鬆軟堪比雲朵般的棉花糖！☁️\n芝麻內餡也一樣好吃，不會死甜，而且每口\n都嚐得到新鮮芝麻的香氣，跟Q彈的\n麻糬超搭！💯💯💯\n⠀\n麻糬外表撒上滿滿花生粉🥜，香氣撲鼻讓人無法抗拒！\n一開吃就會不小心吃太多，可要小心卡路里啊🤣🤣🤣\n⠀\n一次吃不完也別擔心，放入冷凍庫即可，\n千萬不要冷藏喔！👌\n解凍後口感一樣好吃，就像剛從店裡買到一樣！🙋‍♀️\n⠀\n💲菜單\n➖招牌麻糬 - $100 NTD\n⠀\n⠀\n🕰週一至週日（9:30 - 20:00）\n📍台中市北區西屯路一段399號\n📞04 2323 9172\n⠀\n⠀\n🇺🇸(ENGLISH)\nLocated on Xitun Road, Lee’s Mochi has\nbeen making mochi for decades! 🤗\nWith meticulous shokunin spirit, the mochi\nhere tasty heavenly! 😋\n⠀\nHand-made with love💓, the secret for the tasty\nmochi is the abundant care that goes into\neach mochi! 😉\n⠀\nIn the box of mochi there are 2️⃣ kinds of stuffings!\nThe sweet smell of the red bean stuffing is\ntotally irresistible💕, and the fluffy texture of it\ntastes like sweet cotton candy clouds! ☁️\nThe sesame stuffing is just as delicious! 🤩\nNot too sweet and with the slight scent of\nfresh sesame, the stuffing goes so well with\nthe chewy mochi! 💯💯💯\n⠀\nCoated with grinded peanut powder 🥜, the rich\nsmell of it is so indulgent!\nWatch out for calories cuz you’ll definitely have\nmore than a few each time! 🤣🤣🤣\n⠀\nPut it in the freezer if you cannot finish the\nwhole box at once 👌\nAnd don’t worry, when the mochi is defrosted,\nit tastes just like when you got it from the shop!🙋‍♀️\n⠀\n💲MENU\n➖Signature Mochi - $100 NTD\n⠀\n⠀\n🕰Monday to Sunday（9:30 - 20:00）\n📍No. 399, Sec. 1, Xitun Rd., North Dist., Taichung City\n📞04 2323 9172\n⠀\n⠀\n#FoodieTaiwan #FT台中 #FT北區\n#台中美食 #台中餐廳 #台中景點\n#台中美食推薦 #台中 #台中市\n#台中排隊美食 #台中晚餐 #台灣\n#台中午餐 #台中小吃 #先吃再說\n#台中美食地圖 #台中旅行 #北區\n#李記麻糬 #台中北區 #平價美食\n#排隊美食 #Taichung #TaichungFood\n#TaichungCity #台中北區美食\n#台中平價美食 #北區 #台灣美食'),(79,'suiiiiz_',73,NULL,'https://www.instagram.com/p/DBtS6mhyTio/','#穗のㄘ\n我真的很喜歡泰式、越式料理✨\n無意間找到這間位於一中的周邊的餐廳！\n店名就叫好吃河粉！真的是好吃耶😋✌🏻\n湯頭喝起來清甜，淋上必加的檸檬汁更清爽🍋\n這間不到用餐時間就人潮滿滿呢～\n可見生意真的很好，價格上我覺得算平易近人👌🏻\n\n🐷 泰式酸辣豬肉河粉 $100\n🍚 泰式打拋豬飯 $110\n🐔 椒麻雞腿 $80\n🥤 泰式奶茶 $45\n\n🔍 好吃河粉\n▪️ 台中市北區太平路129號\n▫️ 0903-123-803\n▪️10:30-20:40\n▫️ 週一公休\n\n#taichungfood #台中美食 #台中河粉 #台中泰式料理 #台中必吃 #台中美食推薦 #台中美食地圖 #台中北區 #北區美食 #一中街 #一中商圈 #一中美食 #泰式料理 #異國料理 #泰式奶茶 #河粉 #打拋豬飯'),(80,'september__5',74,NULL,'https://www.instagram.com/p/C63SWJ6vjXa/','🥢🥢🥢\n文青的生煎專賣店 在崇德路上有兩家店面\n用餐時間是滿滿的人潮🔥\n本來想吃小籠包但是那天沒有賣🥶\n生煎包會噴汁還蠻好吃的🤤\n主食兩種都好吃😋 拌麵跟菜飯\n銀絲卷跟蔥油餅還好😅\n下次有機會再來試試看小籠包🥢\n\n上海鮮肉生煎（10入）$196\n上海排骨菜飯$158\n銀絲卷（炸）$88\n蔥油餅$88\n上海蔥油拌麵$68\n\n🥢小滬春\n🏡台中市北屯區崇德路二段324號\n🈺11:00-14:00 / 17:30-21:00\n（週二、週三休息）\n\n#小滬春#北屯區美食 #台中美食 #小籠包#生煎包#台中小吃#台中餐廳#popdaily #popyummy #popyummy台中 #台中北屯美食#貢貢吃台中#菜飯#中華料理#台中小吃#乾麵#台中旅行'),(81,'eat.moondrgn',75,NULL,'https://www.instagram.com/p/C7bo7k7vNy3/','這間一定要知道😻\n由法國夫妻經營，專賣道地法式可麗餅\n從夜市起家、轉往店面，再到現在的餐廳✨\n內用座位在樓下一層，環境佈置超有氣氛\n來了幾次都看到不少外國客人～\n中文點餐也沒問題，老闆娘中文很好👍🏻\n\n這次來發現餐廳新增許多菜色口味\n個人激推#地中海饗宴 ！\n外觀是長條形，擺盤就很不一般\n有櫛瓜、菠菜、蘆筍、煙燻鮭魚😍\n搭配羅勒松子青醬，吃起來濕潤又清爽\n\n再來#亞提經典招牌\n這道口味我也很喜歡！別看他薄薄一片\n裡面放入馬鈴薯片、菇菇、雞蛋\n加上乾火腿、培根、拉可雷特起司\n整體鹹度風味搭配得恰當，蠻有飽足感\n\n主餐都會搭配季節沙拉\n除了鹹食也有甜可麗餅及冰淇淋甜點\n#奶油檸檬可麗餅 酸甜滋味爽口滑嫩\n建議大家可以點不同種口味分食\n每樣餐點都吃吃看～🤤\n\n喜歡我的文章歡迎收藏+分享♡\n@eat.moondrgn 更多美食及好康 報給你知🎉\n-\nᴵᴺᶠᴼ\n#ATIPIC #亞提法式餐廳 #法式料理\n・台中市西屯區重慶路141之3號\n・17:45-22:00\n・0907-667-157\n🏷️#餅餅吃台中\n\n#法式可麗餅 #蕎麥可麗餅 #台中法餐\n#台中美食 #台中晚餐 #台中甜點 #台中咖啡\n#台中必吃 #台中好吃 #台中新店 #台中'),(82,'jycc___04',76,NULL,'https://www.instagram.com/p/C6WJWwpSmWx/','and'),(84,'foodyammy',77,NULL,'https://www.instagram.com/p/C1yhsodLCdz/','#foodyammy台中市西屯區\n▪️ 有人跟我一樣特愛超滷的滷味嗎❤️▪️\n-\n麻醬麵$60\n南投意麵$45\n蝦仁餛飩麵$100\n滷味$$$\n-\n這家算老字號的麵店，比起麵我更愛它們家滷味🤭每一個都好好吃，味道剛剛好，再配上辣油絕配👍👍👍\n\n也要推薦一下蝦仁餛飩，一整隻蝦仁包在餛飩裡，吃起來鮮甜，湯頭不加任何味素，喝起來不會口渴，值得推薦\n\n麻醬麵跟南投意麵中規中矩😊\n〰️\n#foodyammyの台中美食\n〰\n📍#麵對麵\n🏡台中市西屯區青海路一段140號\n📞 04-23117575\n⏰11:00-14:00/17:00-20:00\n✖️星期六公休\n〰️\n#Taiwan#taichung#taichungfood#popyummy#popdaily#parti吃喝#台灣#台中#台中美食#台灣美食#食台中#美食#西屯區美食#台中美食地圖#台中西屯區美食#西屯區#台中麵店#台中滷味'),(85,'rock_love_food',78,NULL,'https://www.instagram.com/p/DAqACwxP4Ql/','.\nFReNCHIE FReNCHIE\n\n二訪台中這間法餐\n午間套餐1680+10%\n為了來吃法式吐司\n以前是在套餐的甜點內\n現在是額外單點的一份$280\n建議一人一塊比較不會吵架\n\n這季的午餐還可以聽說晚餐比較好吃\n之後有機會再試試\n法式吐司每日限量假日中午才有\n旁邊有停車場可以停\n\n台中市西屯區文心路二段636號\n需預約\n\n#rock吃台中 #rock吃正餐 #台中美食 #台中法餐 #台中餐廳 #taichungfood #taichung'),(86,'delicacytravel',79,NULL,'https://www.instagram.com/p/C6glht4PKxH/','拉麵吃到飽你有看過嗎😳居然還有芒果冰、芒果甜點可以無限續點 #山禾堂拉麵\n\n這幾天跟家人一起來踩點這家觀望很久但都沒機會來的拉麵店🍜比較特別的是這家拉麵是吃到飽的形式🤔真的是第一次見\n\n吃到飽拉麵口味有8種選擇，店員介紹時提到其中比較特別的是香菜皮蛋乾拉麵、奶油白醬沾麵跟榴槤拉麵，配料總共15種可以任自己喜好加點，也就是說如果你想加很多叉燒或蔥花、都可以，但當然要記得不要浪費吃光光喔！\n\n拉麵剛上桌時碗中只會有湯+拉麵本身，配料店家會用一個盤子擺在上面，讓你自由佈置自己的拉麵🤣圖中的拉麵就是我們自己擺盤的喔！\n\n另外有餐後甜點可以選，就是一般簡單的甜點，有蛋糕、泡芙、奶酪、生巧克力、檸檬塔、蕃薯燒、銀耳露等等，有結合當季水果，像最近就有芒果甜點\n\n除此之外飲料除了基本汽水、氣泡水、麥香奶茶跟紅茶之外，也有芒果啤酒可以喝🍻都是無限暢飲的\n\n飯後也可以吃點水果，我們去的時候就有香蕉、鳳梨、小番茄、小玉西瓜等水果也都可以吃到飽\n\n在用餐期間店員會不定時推出現炸的炸物，走到餐桌旁詢問有沒有需要，整體來說適合平常食量很大、拉麵一吃要吃好幾碗的人\n\n➡️拉麵吃到飽專案價格\n▪️平日中午💰499\n▪️平日晚上、例假日💰569\n▪️幼童3歲以下免費\n▪️小童4-6歲💰100\n▪️小一至小六兒童與65歲以上銀髮族9折\n\nℹ️ 山禾堂拉麵-台中店\n地址：412台中市大里區德芳路二段155-2號\n時間：11:00-13:30；17:30-20:30\n電話：04-24063533\n\n#台中美食 #台中拉麵 #台中大里 #台中吃到飽 #台中大里美食 #台中餐廳 #拉麵 #台中午餐 #台中晚餐 #台中旅行 #大里美食 #大里區美食 #台中大里區美食 #台中甜點'),(87,'joy_foodaily',80,NULL,'https://www.instagram.com/p/C9KGsKAPFAV/','📮炎香樓\n▫️成人 $899+10% / 人\n▫️兒童(6~14歲) +$499+10% / 人\n📎平日午間供應\n-\n你也喜歡吃港式吃到飽嗎？\n這間多達50道港式料理任你點！！！\n我們真的吃了很多道🤣\n建議可以找3~4個好友一起來\n可以一次吃很多種菜色\n或是家庭聚餐也非常適合來這邊🫰🏻\n7月份只要在IG、FB打卡就能抽獎！(7/28截止)\n\nJoy就來分享幾道特別想介紹的\n🌟是特別推薦！\n-\n#豆酥金目鱸魚🌟\n這道必點！感覺吃了這一盤就很划算🤩\n鮮美魚肉搭配豆酥真的超涮嘴！\n\n#蛤蜊燒賣\n這道超酷！是把馬蹄蛤肉切半夾入內餡\n內餡含有鮮蝦、花枝漿、蘆筍等等\n口感很鮮美Q脆！\n\n#海鮮焗南瓜盅🌟\n口感綿密香甜的南瓜，裡面放滿各種海鮮\n還有加上起司下去焗烤超級加分🔥\n\n#蝦仁腸粉\n特別的是腸粉是以新鮮墨魚汁製作的\n包裹著新鮮蝦仁，口感滑嫩又富有海味😚\n\n#酸菜魚腸粉\n這道真的超特別！居然是酸菜魚口味\n但自己私心想要再酸辣一點🤣\n\n#紅酒奶黃蘋果酥\n是一道酥脆又香氣十足的港點\n當飯後點心很可以！\n\n#鮮蝦韭菜煎餃🌟\n這道比想像中還讚！\n煎餃內餡紮實又脆口\n\n#剝皮辣椒燒賣🌟\n又是一道創意點心！\n甘甜微辣又脆口，有多層次韻味🩷\n\n#涼糕🌟\n口感很像再更紮實一點的奶酪\n冰涼綿密，當飯後甜點很清爽✨\n\n滿分五顆：🥟🥟🥟🥟\n-\n📍台中市西區精誠八街12巷2號\n🕒11:00–14:00、17:00–21:30\n☎️04-2329-9968\n-\n#enJOY吃台中\n#美食 #台中美食 #台中港式 #台中必吃 #台中港式料理 #台中西美食 #台中港式飲茶 #港點吃到飽 #港式吃到飽 #台中港點 #炎香樓 #台中吃到飽 #台中港式吃到飽 #台中聚餐 #吃到飽 #勤美美食 #台中午餐 #台中晚餐'),(89,'wanping0831',81,NULL,'https://www.instagram.com/p/DDe2RW2PeLN/','這絕對是我目前在台灣吃過🥇\n最好吃的超道地韓國炸醬麵！很驚艷！\n老闆是韓國人！連店員也都是韓國人🇰🇷\n海鮮炸醬麵真的是超級無敵好吃 超愛💕\n還很有創意的蓋上一大塊脆餅 可以敲碎搭配著吃\n敲敲敲 增添不少趣味但本身就是很美味的炸醬麵\n真的可說是如虎添翼！錦上添花(成語通通用出來🤣\n\n已經迫不及待想再二訪吃這道\n#敲敲海鮮炸醬麵 自製炸醬非常濃郁\n大火快炒讓麵條整個吸附醬汁 非常入味\n麵體的口感也很Q 裡頭還有不少海鮮\n上頭覆蓋一大塊脆餅 吃起來有點像蝦餅\n可以搭配炸醬麵一起吃\n整碗份量非常實在 我們兩個女生吃覺得好飽\n\n#麻辣奶油炒碼麵\n有看黑白大廚的一定對麻辣奶油炒碼麵有印象\n麻辣+奶油組合 湯頭微微辣度非常好喝\n這碗份量也很大 他們家用料都好實在😍\n\n#韓式糖醋肉 炸到酥香的豬肉沾上自製糖醋醬\n酸酸甜甜的非常夠味 蠻涮嘴的耶 忍不住一快接一塊吃\n\n這家就位於逢甲附近\n非常喜歡他們家的炸醬麵 推薦給你們\n已經再想什麼時候要再二訪了😍\n\n麻辣奶油炒碼麵$220+辣味魚板串$30\n敲敲海鮮炸醬麵$300（2人份）\n糖醋肉（小）$260\n辣椒美奶炸雞$260\n\n👉Black韓noodle @blacknoodle_tw\n📍台中市西屯區福星北三街35號（逢甲附近）\n⏰04-24521541\n☎️一二四五15:00～22:30\n六日12:00～22:00\n\n#台中美食#台中韓式料理#台中韓式炸醬麵#台中韓式#台中必吃#台中#台中必吃#逢甲美食 #taichungfood#taichung#igfood#instafood#foodie#2eat2gether'),(90,'mr.xx_foodie',82,NULL,'https://www.instagram.com/p/C4kq1wbPOmo/','#mr吃台中 #新開幕\n發愣吃 健行店\n📍台中市北區健行路 476號\n—————————————\n台中回訪無數的麵食愛店！重口味的朋友一定要收藏～\n主要販售各式特色麵食、飯食、小菜、湯品及飲品的發愣吃，每款真的都會讓你愛不釋手，而且份量超足，前陣子從勤美拓店到健行路啦！\n這次來新分店裝潢風格很文青，玻璃窗採光超好，兩層樓空間超寬敞舒服，招牌皮蛋料理絕對是不能錯過，私心超愛他們家的蒜辣麵口味，不管是牛肉還是雞肉都很好吃，每款都會有不同店家調配的醬汁，超級夠味而且層次豐富，如果喜歡酸菜魚的朋友一定要試試酸菜白肉麵 ，湯頭酸爽溫順，喝起來有夠過癮，每次來都必點！另外他們家的湯我也超推，蛋花湯和蛤蜊湯都超大一碗，料多實在，總之每次吃都樣樣無雷，大推給你們！\n📎營業時間：11:30-14:30、17:00-20:30\n\n#台中美食 #台中早午餐 #台中美食推薦 #台中麵食 #台中麵店 #台中早午餐推薦 #台中必吃 #台中新開幕 #台中北區美食 #台中西區美食 #勤美美食 #勤美早午餐 #台中勤美美食 #台中西區早午餐 #台中北區早午餐 #發愣吃 #皮蛋麵 #taichungfood #taichung #台中小吃 #台中必吃'),(91,'ray_foodie________',83,NULL,'https://www.instagram.com/p/DBLayiFv_6p/','📍《#哇嘎哩WAGALE 》⁣⁣⁣⁣⁣⁣⁣⁣⁣⁣⁣⁣⁣⁣⁣⁣⁣⁣⁣⁣⁣⁣⁣\n#北屯巷弄裡的隱藏版泰料🇹🇭\n\n位在松竹捷運站附近的「哇嘎哩WAGALE」\n店內簡約溫馨 門口很低調！\n餐點主打泰式料理\n但是店內居然連日式咖哩飯、韓式豆腐鍋/部隊鍋都有賣‼️\n超級特別🤩\n\n這次點的兩道都很好吃！\n「嘎拋豬飯」肉末偏瘦 鹹香十足帶點辣度\n吃起來超級下飯🤤\n「泰式酸辣海鮮MAMA麵」湯頭酸酸辣辣超開胃·͜· ♡\n口味真的非常道地 很喜歡❤️\n還有他們家的泰奶跟泰奶綠都超好喝！\n甜度剛好有夠喜歡(˶‾᷄ ⁻̫ ‾᷅˵)\n·\n∗ 泰式嘎拋豬飯 ¹⁵⁹\n∗ 泰式酸辣海鮮MAMA麵 ¹⁹⁹\n∗ 招牌泰式奶茶 ⁶⁵\n∗ 招牌泰式綠奶茶 ⁶⁵\n·⁣⁣⁣⁣⁣⁣⁣⁣⁣⁣⁣⁣⁣⁣⁣⁣⁣⁣⁣⁣\n🏠台中市北屯區松竹路二段107巷68號\n☎️0928360642\n⏰11:00-15:00、17:00-21:00(週一、二公休)\n📍𝐼𝐺: @waagaalee\n▪️每人低消一份主餐(6歲以下低消一杯飲品)/#寵物友善 (需推車或裝籠)/人多時限時90分鐘\n🏷️標籤搜尋🔍 #叡叡吃台中 #叡叡吃泰式 #叡叡吃寵物友善餐廳\n·⁣⁣⁣⁣⁣⁣⁣⁣⁣⁣⁣⁣⁣⁣⁣⁣⁣⁣⁣⁣⁣⁣⁣⁣⁣⁣⁣⁣⁣\n#Rayの食記 #哇嘎哩 #台中美食 #北屯美食 #台中泰式 #台中泰式料理 #台中必吃 #台中小吃 #taiwanfood #Taichung #Taichungfood #thaifood'),(92,'joy_foodaily',84,NULL,'https://www.instagram.com/p/C1MSOCvvrLo/','📮爽爽麻辣干鍋\n▫️冒菜自嗨鍋\n▫️麻辣乾鍋\n▫️白飯吃到飽 $10/人\n▫️灑滿香菜+$20\n🔸有提供免費高湯，怕辣可自行調整辣度\n-\n無辣不歡的麻辣控看過來！\n最近吃到這間很讚的麻辣乾鍋🔥\n有多達70種新鮮食材可以自由選擇\n食材幾乎是秤重計費，想吃多少夾多少！\n選完食材再選擇辣度\n有微辣、小辣、中辣、大辣可以選擇\n還可以決定要做乾的還是湯的\n\n其中冒菜自嗨鍋是麻辣湯鍋的概念\n結合中藥和各種辛香料調製\n食材吸飽湯頭，香麻帶勁很過癮！\n\n另外一款是我更喜歡的麻辣乾鍋\n是加入各種辛香料再大火翻炒💥\n吃起來麻香十足！而且配飯吃真的越嚼越香😍\n只能說超！級！過！癮！\n讓人無法抗拒拉~~~\n\n想要多層次香氣可以加點一份香菜\n店家給的香菜份量完全不小氣🤭\n喜歡吃的絕對可以加！\n\n現在天氣越來越冷，非常推薦大家來嘗鮮\n愛吃辣的你絕對不能錯過😜\n-\n滿分五顆：🌶🌶🌶🌶.2\n-\n📍台中市北區德化街426號\n🕒17:30～00:00（最後接客23:15）\n☎️0926-086-156\n✅支援Food panda外送\n-\n#enJOY吃台中\n#美食 #台中美食 #台中北區美食 #台中北區 #台中美食推薦 #台中干鍋 #台中美食地圖 #台中宵夜 #台中乾鍋 #台中宵夜推薦 #台中晚餐 #台中宵夜美食 #爽爽麻辣干鍋 #台中小吃 #台中麻辣鍋 #台中麻辣 #台中美食'),(93,'lunafoodie_',85,NULL,'https://www.instagram.com/p/C94XOtTvzTL/','｜麻角 東興店｜\n愛吃辣的看過來❗️這家的辣真的好好吃呀🤤一定要分享給大家，而且還開到宵夜時段🥰完全是宵夜好選擇✅ 麻角不只一家分店，不過大部分為室外座位，天熱建議先電話預訂📞還能享9️⃣折優惠\n🍝 麻角夜見烏龍麵（炙燒牛五花）$150\n🍜 麻角雪花牛鍋$140\n🫕 麻角美人魚鍋$180\n🥘 麻辣豆腐$50\n這三道主食我們都覺得很好吃😋我最愛拌烏龍麵，讚岐烏龍麵很Q，配上炙燒牛五花跟魚卵❗️整個很香\n雪花牛鍋我們搭配王子麵，選擇的是香辣乾拌口味，上面還有酸豆角，超涮嘴🤤\n點鍋類都會贈$15元麵類任選，當天加價購韓國拉麵 麵體很Q！湯底也可以自己選配，麻奶鍋的奶味不算重，辣味比較多🌶️但湯頭好喝 愛吃辣的會愛，配上滿滿的配料就像火鍋一樣，下次會想試試他們的雪濃松露湯🤤感覺是不吃辣的好選擇\n🌛 Luna 推薦值：🌕🌕🌕🌕🌗\n📍 台中市南屯區向上南路167-7號\n🗓️ 17:30-23.（週二公休\nℹ️ 來電訂購外帶享九折/消費滿$200贈加料卷\n#luna吃台中 #lunafoodie #台中美食#台中 #台中小吃#台中銅板美食#銅板美食 #台中南屯美食 #南屯美食 #台中午餐 #台中晚餐 #台中宵夜 #台中必吃 #台中好吃 #台中探店 #taichung #taichungfood #麻角 #麻辣 #麻角鍋專門'),(94,'ray_foodie________',86,NULL,'https://www.instagram.com/p/DAfszFivxsP/','📍《#田楽 》⁣⁣⁣⁣⁣⁣⁣⁣⁣⁣⁣⁣⁣⁣⁣⁣⁣⁣\n#新開幕 #台中新店 #新店報報\n\n田楽學院店睽違兩年終於回歸了🥹\n很喜歡庭院前的植栽 愜意感點滿·͜· ♡\n思念的早午餐\n好吃的漢堡排讓人心心念念( ߹ ߹ )\n激推「多蜜炸蝦唐揚牛肉漢堡排飯」\n炸蝦、唐揚雞、漢堡排通通吃得到 根本快樂冠軍🥇\n營業到晚上21:30 晚上也能來吃好讚\n·⁣⁣⁣⁣⁣⁣⁣⁣⁣⁣⁣⁣⁣⁣⁣⁣⁣⁣⁣⁣\n∗ 日式唐揚雞肉法式吐司 ³⁵⁰\n∗ 多蜜炸蝦唐揚牛肉漢堡排飯 ⁴¹⁰\n∗ 焦糖布丁 ⁷⁰\n∗ 沖繩黑糖拿鐵 ¹⁵⁰\n∗ 檸檬咖啡蘇打 ¹⁴⁰\n·\n🏠台中市北區健行路425巷3號（學院店）\n☎️04-22343535\n⏰10:00-21:30\n📍𝐼𝐺：@forfarmburger\n🏷️標籤搜尋🔍 #叡叡吃台中 ⁣⁣⁣#叡叡吃咖啡廳 #叡叡吃早午餐 #叡叡吃田楽\n·⁣⁣⁣⁣⁣⁣⁣⁣⁣⁣⁣⁣⁣⁣⁣⁣⁣⁣⁣⁣\n#Rayの食記 #田樂 #台中美食 #台中北區美食 #台中早餐 #台中早午餐 #台中午餐 #台中晚餐 #台中甜點 #台中咖啡廳 #台中新開幕 #taiwanfood #Taichungfood #Taichungbrunch'),(95,'foodtaichung_teddy',87,NULL,'https://www.instagram.com/p/DA2y8idTahG/','#台中美食 #抽獎\nDaily112日日好食 歐法料理✨\n會在留言區選出三位粉絲\n每人1000元 日日好食的餐費🧧\n留言：想吃、出發 或是留更多也可\n也歡迎轉發限動唷～\n🎃 南瓜海膽醬干貝燉飯 💰480元\n🦐 大蝦干貝青醬燉飯 💰480元\n🍝 青醬蛤蜊義大利麵 💰380元\n🐓 奶油香料烤雞義大利麵 💰380元\n🥩 Prime牛小排6盎司 💰1280元\n地址：台中市西區柳川西路二段112號\n營業時間：11:30～16:00 17:30～20:30\n電話：04-23720728\n排餐最近換了新配菜&擺盤\n牛肉配這些吃起來更美味\n有蒜頭 馬鈴薯 洋蔥 櫛瓜😍\n還有好愛的大蝦干貝青醬燉飯\n大蝦三隻+干貝兩顆 吃起來更過癮🦐\n還有蛤蜊麵、烤雞麵 料都蠻多的\n想聚餐可以來這唷‼️\n#台中西區美食 #台中探店 #台中西餐 #台中聚餐 #台中慶生 #台中牛排 #台中義大利麵 #台中燉飯 #Daily112日日好食'),(96,'xun.g_foodie',88,NULL,'https://www.instagram.com/p/C4nGByIPa3n/','台中必吃蝦湯拉麵🍜\n加飯加麵免費 叉燒、舒肥雞、蝦子 料多cp高\n《麵屋海鳴》 @shrimp2203\n-\n#濃厚海老拉麵💰280\n#叉燒飯💰70\n最多人推薦的就是這碗超級豪華的蝦湯拉麵\n可以選湯頭是台灣味或是日本味（較鹹）\n麵體很貼心也有粗、細可以選擇\n最重要的是 \\\\ 可以免費加麵和加飯一次‼️//\n麵體吸附超級濃郁的蝦湯\n裡面附有1片叉燒肉、3塊舒肥雞叉燒、2隻蝦子 超滿足\n有檸檬可以擠 會讓湯頭多了一個酸酸尾韻 比較解膩一點\n叉燒飯舒肥雞丁與美乃滋融合炙燒\n整體相較拉麵來說普通了一點\n但是要嚐鮮的話也可以點來吃看看哦✨🍜\n\n-ˏ₍•ɞ•₎ˎ-（🐥）-\n《麵屋海鳴》 @shrimp2203\n🏠 400台中市中區中山路48號\n🈺️ 11:30–13:30、17:30–20:30，週三四休息\n☎️ 無\n🌟 Google評價：4.6（344）\n\n歡迎追蹤👉 @xun.g_foodie 👈\n🚫以任何形式轉載圖文、盜圖、運用商業途徑，翻印必究\n\n#雞不擇食_台中 #雞不擇食\n#taiwan #taichung #taichungcity #taichungfood #台中 #台中美食 #美食 #台中小吃 #台中晚餐 #台中午餐 #台中小吃 #麵屋海鳴 #台中火車站#蝦蝦拉麵#台中美食 #台中餐廳 #台中探店 #台中火車站美食#台中拉麵 #台中中區美食 #台中中區#台中旅行#ラーメン#拉麵#拉麵控 #麵屋海鳴 #拉麵控 #台中拉麵 #台中拉麵推薦 #台中火車站美食 #台中美食'),(97,'foodtaichung_teddy',87,NULL,'https://www.instagram.com/p/C-2GcBbyrcu/','#台中美食 #抽獎\nDaily112日日好食 歐法料理✨\n會在留言區選出五位粉絲\n每人1000元 日日好食的餐費‼️\n留言：想吃、出發 或是留更多也可\n也歡迎轉發限動唷～\n🎃 南瓜海膽醬干貝燉飯 💰480元\n🦐 青醬鮮蝦燉飯 💰380元\n🥘 牛肝菌野菇燉飯 💰380元\n🍝 陳年酒醋鴨胸義大利麵 💰320元\n🥩 Prime牛小排6盎司 💰1280元\n地址：台中市西區柳川西路二段112號\n營業時間：11:30～16:00 17:30～20:30\n電話：04-23720728\n除了介紹台中美食\n現在自己也投資了餐廳🥰\n覺得好吃 想說辦個抽獎請粉絲來免費吃\n也一直都有在試菜 價格也慢慢調整\n有吃過的可以多給我建議唷\n這幾年偏愛吃燉飯\n而且是有料的 干貝&蝦都好讚\n義大利麵、排餐也都有🍝\n店裡很適合過節慶生\n如果有需要包場辦活動可以跟我說\n還沒吃過的話 趕快來留言唷\n#台中西區美食 #台中探店 #台中西餐 #台中聚餐 #台中慶生 #台中牛排 #台中義大利麵 #台中燉飯 #Daily112日日好食'),(98,'catherine1207__',89,NULL,'https://www.instagram.com/p/DAvPuXgvYNu/','回國後終於瘦回來了⋯\n誰要一起吃飯～～～～\n\nDress💖 / @pinkyz.tw\n\n#台中甜點 #台中早午餐 #台中咖啡廳 #台中 #台中美食'),(99,'eat.moondrgn',90,NULL,'https://www.instagram.com/p/C0l5bJNvP5m/','#台中美食 #台中餐酒館\n這間餐酒館裝潢走一個異國南歐鄉村風😻\n白天夜晚呈現截然不同的風情！\n鄰近台中國美館，我是晚上用餐的～\n昏暗溫暖光線非常有氛圍感( ᵒ̴̶̷̤-ᵒ̴̶̷̤ ).｡.:*ෆ\n\n本日MVP#海鮮燉飯 👑\n以蕃茄高湯熬煮的義大利米很有咀嚼感\n最特別的是這道裡面有竹蛤！\n吃起來比一般的蛤蜊更脆甜鮮嫩\n(吃的時候需注意剝落的竹蛤殼)\n有鱈魚、透抽、蝦子，最後淋上鮭魚卵\n用料不吝嗇，豐富食材充滿海鮮風味💯\n\n手工小貝殼麵/鮮蝦/開心果羅勒青醬\n貝殼麵是店家手工製作的\n近看像毛毛蟲🐛🤣口感很有嚼勁\n醬料是開心果羅勒青醬\n跟貝殼麵、新鮮蝦肉一同拌炒好涮嘴\n蝦頭炸得酥脆夠味，完全不讓我失望\n\n西班牙火腿沙拉/新鮮無花果/果乾酸豆醬\n個人很愛西班牙火腿\n油花分佈均勻吃起來鹹香獨特\n他們的無花果甜蜜柔軟又新鮮🤤\n撒上堅果顆粒再刨上起司，爽口又開胃\n\n#碳烤透抽 肉質飽滿肥嫩\n搭配檸檬醬及辣醬美乃滋，嫩脆甜且解膩\n還有#牧羊人派 適合多人分食\n整碗的馬鈴薯泥+牛肉肉醬\n鋪上滿滿的莫札瑞拉起司很有飽足感哦！\n\n喜歡我的文章歡迎收藏+分享♡\n@eat.moondrgn 更多美食及好康 報給你知🎉\n-\nᴵᴺᶠᴼ\n#RISORISO #里頌地中海餐酒館\n・台中市西區向上路一段79巷56號\n・04-2301-6599\n・11:30-14:30、17:30-21:30\n🏷️#餅餅吃台中\n\n#台中必吃 #台中約會 #台中晚餐 #台中\n#台中午餐 #台中異國料理 #台中美食推薦\n#taichungfood #taichung #台中義大利麵'),(100,'littlecandyeateat',91,NULL,'https://www.instagram.com/p/C2jFRoNvuSR/','🌟牛谷 👉🏻👉🏻👉🏻菜單往後 開在勤美附近巷子內的真材實料牛肉麵店！價位也是挺可愛，很多附近的民眾或是上班族會用休息時間過來吃一下～這次去用餐的過程中外帶內用的人都不少！內用區也有提供酸菜沾醬（個人好愛他們家的特製辣椒超香）。 💰\n牛肉燥飯 小40\n炸醬麵 小 60\n牛肉湯蛋花50\n美國Choice無骨牛小排川燙麵360\n滷味拼盤 小 80 無骨牛小排川燙麵視覺效果真的很屌，淋上高湯之後牛肉的香味其實就出來了！湯頭真的很經典好喝！麵條也是有嚼勁，配上特製辣直接升天嚕=3=炸醬麵使用寬寬麵條，吃起來更入味更有感覺，而麵體本身味道跟軟硬度是給過的～ 他們家的湯喝得出來沒有添加任何味精，朋朋們喝了都讚不絕口＝＝尤其是單點的牛肉湯蛋花好神，蠻大一碗50元而已，他們家的湯真的推推！ 滷味可以自己夾也可選直接拼盤，這次小拼盤裡面有小腸跟鴨珍，跟麵加再一起吃很讚～下次會想再來試試看豬頭皮感覺也好好吃＠＠（然後配辣椒）\n💎\n美味程度 4/5\nCP 4/5\n回訪 3.5/5\n📍\n地址：台中市西區公正路154-1號 營業時間：1100-1400、1700-2100，週一公休、週六日中間不休息\n#小堂果吃吃在台中\n\n#台中 #台中美食 #台中景點 #台中餐廳 #台中牛肉麵 #勤美 #勤美美食 #勤美綠園道 #牛谷 #牛谷飲食店 #牛肉麵 #台中西區 #台中西區美食 #台中西區景點 #taichung #taichungfood #taichungtravels #taiwan #taiwanfood #taiwantrip #牛肉湯 #台中牛肉湯 #beef #台灣 #台灣旅遊 #台灣小吃 #台中小吃'),(101,'littlecandyeateat',92,NULL,'https://www.instagram.com/p/C0yLOtCPST7/','🌟盡心亭Heart&soul 👉🏻👉🏻👉🏻菜單往後 中友中國醫附近的巷弄美食，位在五常跟五義街轉角大樹下，開立已久，應該也可以說是老字號了？內用位子數普通，但用餐速度翻桌率都蠻快的！平日用餐人數也很多，是附近的學生或是上班族的用餐好選擇～\n💰 海老雲吞擔擔麵270 推推\n海老雲吞抄手90\n麻辣鴨血70\n辛口肉盛拉麵300 推推\n日式炸蝦（兩隻）100 推推\n梅漬蕃茄50\n炸牡蠣80 季節新品擔擔麵的粗麵條小堂果很喜歡，特別有嚼勁，配上超大顆整隻海老雲吞，超有飽足感，還有微辛的湯頭，這個新品表現真的有驚豔到！！！推推！！！ 友人很愛他們的拉麵，可以先選擇要一般還是肉盛，在選擇湯頭鹹度、麵條硬度以及蔥花。這次想說要吃點辣就點辛口ＸＤ喝起來是溫潤的口感，濃郁的湯頭越喝越爽＝＝配上細拉麵條真的不錯！ 小菜也推推，麻辣鴨血滷得很夠味、賣相可愛的梅漬蕃茄酸酸甜甜的，小堂果蠻喜歡，拉麵配上炸物蝦子牡蠣超有日式唐揚感！！！吃完整個超飽～～～ 基本上這次的季節新品真的蠻推薦大家可以來吃吃看，喜歡吃蝦子的真的要來點一碗爽一下=3=\n💎\n美味程度 4/5\nCP 3.5/5\n回訪 4/5\n📍\n地址：台中市北區五常街60號 營業時間：1130-1330、1700-2030\n#小堂果吃吃在台中\n\n#台中 #台中美食 #台中北區 #台中北區美食 #台中景點 #拉麵 #拉麵控 #台中拉麵 #台中拉麵推薦 #台中拉麵店 #中國醫 #中國醫美食 #盡心亭 #盡心亭拉麵 #天婦羅 #天婦羅みやしろ #taichung #taichungfood #taichungtravels #taichungfoodie'),(102,'mmjournal__',93,NULL,'https://www.instagram.com/p/C5Vm_a7vaeP/','#臺灣美食 #台中美食 #北區\n\n🔹肉燥飯(小)$40\n🔹肉燥麵(乾)$45\n🔹芝麻花生(包餡湯圓)冰$55\n🔹扁食米粉(半蛋+4顆扁食)(乾)$75\n\n從埔里開來台中的網路高聲量小吃店🤩\n目前台中有北區崇德店、西區模範店、西屯逢甲店等分店，可搜尋就近門市去品嚐😎也有搭配外平台合作喔！\n這次來到位於文心崇德捷運站🚉附近的漢口店用餐，品項以小吃為主，特別另有鹹甜湯圓‼️每到冬至必吃湯圓的日子前後，生意超好🥹🥹要有耐心排隊等候或售罄撲空的心理準備\n\nω肉燥飯🍚\n肥瘦均勻不油膩，淡淡油蔥酥香氣，鹹香入味\nω肉燥麵🍝\n白麵帶有Q度與嚼勁，加上豆芽與肉燥，平凡的美味\n\nω芝麻花生包餡湯圓🍡\n湯底含有桂圓，白木耳，甜而不膩，順口好喝😍湯圓外皮厚Q軟嫩，純糯米製作，帶有各種天然食材的顏色，養生好吃，有驚豔到👍\n\nω扁食米粉🫕\n帶有厚度與粗度，口感滑嫩，跟一般的炒米粉不同類型，含半顆滷蛋🥚四顆扁食，個頭雖小但內餡飽滿，和肉燥攪拌均勻後香氣十足😋\n\n內用環境寬敞明亮，簡約乾淨，餐具醬料自助式取用，除了鹹甜熟食系列，另有販售冷凍生鮮食品、辣椒醬🌶️菜單上都有詳細介紹，很多網友大推手工辣椒，聽說香辣過癮\n大多均為甜甜銅板價💰餐點整體美味度算中規中矩，個人推薦湯圓系列是真的滿好吃的🤣🤣鹹甜冰熱都有，下次想嚐嚐綜合或鹹湯圓，配料豐富一次滿足\n\n🙍🏻‍♀️蘇媽媽湯圓漢口店\n📍台中市北區漢口路四段276號\n🕰️週一~週日11-14，16-21:00\n📞04 2236 1184\n\n#台灣美食 #台灣小吃 #台中美食 #台中美食地圖 #台中美食特輯 #台中美食小吃 #台中美食之旅 #台中美食日記 #台中美食系列 #台中銅板美食 #台中銅板小吃 #台中湯圓 #台中北區 #台中北區美食 #台中北區小吃 #北區美食 #北區小吃 #蘇媽媽湯圓 #漢口路 #漢口路美食 #西區美食 #西屯區美食 #蘇媽媽湯圓漢口店 #台中平價美食 #外送美食 #漢口路四段 #扁食 #湯圓'),(103,'middlerestro',94,NULL,'https://www.instagram.com/p/C7g3V2nsOTV/','什麼！澳式酸種麵包居然出現在早午餐裡😍網友推坑的經典美味🤩🤩別錯過啦❗️\n\n感謝 @eat_meitingo 美照分享👏\n\n🎉團體聚餐\n大桌容納人數8-14位，包場可容納32-36位✌🏻\n\n📍外帶折扣\n電話&現場外帶自取部分享「85折」優惠唷！\n-\n禾間糧倉Middle Restro\nPAY | 現金支付\nTEL | 04-23219037\nAdd | 台中市北區台灣大道二段342-1號\n\n#台中美食 #台中 #台中景點 #台中早午餐 #早午餐 #推薦 #美食推薦 #北區 #北區美食 #科博館 #勤美 #勤美美食 #勤美綠園道 #勤美誠品綠園道 #台中餐廳 #台中北區 #taichung #taichungfood #yummy #yummyfood #popyummy #vlog #foodstagram #foodvideo #foodporn'),(104,'jojoxdaily',95,NULL,'https://www.instagram.com/p/C-2HJOGSL2u/','🥟台中·元金小六鍋貼🥢\n（最喜歡冰花鍋貼👉🏻👉🏻👉🏻\n-\n👉🏻 #jo愛吃台中 👈🏻\n今天再度分享好好吃的「元金小六鍋貼」✨\n雖然漲價還是不減對它的喜愛🥹\n人潮總是滿滿滿\n想吃的朋友要耐心等候一下\n\n🔸鍋貼 (10顆) $125\n🔸酸辣湯 $50\n\n每盤鍋貼都帶冰花上桌\n熱騰騰的看起來就超級誘人\n一盤10顆\n吃起來脆口多汁\n沾醬或單吃都很不錯\n酸辣湯配料豐富\n酸度和辣度也都能調整\n真的是台中超人氣的鍋貼專賣店.ᐟ.ᐟ\n\n_________________________________\n🥟元金小六鍋貼\n📍台中市西屯區華美西街二段235號\n📞04-23160520\n🕚11:10-18:40\n❌週四、週日公休\n_________________________________\n-\n#台中#台中美食#西屯美食#台中外帶#排隊美食#台中鍋貼#台中水餃#台中西屯#台中水餃#小六鍋貼#台中鹹食#元金小六鍋貼#酸辣湯#煎餃#水餃#鍋貼#🥟\n#taichung#taichungfood#frieddumplings#dumplings#pork#soup#jo愛吃台中'),(105,'iamteresa0424',15,NULL,'https://www.instagram.com/p/DC_tWMNycE0/','大消息！饗食天堂明年1月要漲價了！\n最近要把握機會吃爆啦！！！\n-\n🈲️請尊重著作權！影片未經授權，不得任意轉載使用！©\n-\n#台北美食 #板橋美食 #台中美食 #桃園美食 #台南美食 #饗食天堂 #信義區美食 #高雄美食 #東區美食'),(106,'apple07105',96,NULL,'https://www.instagram.com/p/C22F8F4r36z/','and'),(107,'33_eater',97,NULL,'https://www.instagram.com/p/DADsLpdzHWY/','-\n#龍華閣川味牛肉麵\n-\n台中勤美隱藏版美食真的不能錯過!!🤩\n水餃、牛肉湯、麵食尤其抄手絕對必吃\n大推鮮蝦麻醬抄手加辣超級對味🥟🌶️\n水餃餛飩每個都真材實料比50元還大\n豬肉餡紮實帶鮮味且包入整尾蝦仁🍤\n內用座於室外騎樓下座位不多(無冷氣\n-\n📌龍華閣川味牛肉麵\n📍台中市西區英才路468號\n⏰11:00–20:00\n☎️04-2329-0248\n-\n好吃程度:🟡🟡🟡🟡\n-\n#跟著33吃台中#跟著33吃勤美#跟著33吃小吃\n#龍華閣#牛肉麵#水餃 #台中美食#台中西區 #勤美美食 #台中午餐#台中晚餐#紅油抄手 #水餃 #台中必吃#台中小吃#餛飩'),(108,'eat_allen',98,NULL,'https://www.instagram.com/p/C5LBCLxB_ig/','《#酸小七 》\n📍#台中南屯區\n經濟又實惠的酸湯魚專賣店開幕啦❗️\n愛吃辣的朋友絕對要來試試這來自雲南地區的傳統美食😎這個#乾鍋魚 上面顯示著中辣等級\n但實在是辣到噴火🥵不過吃起來真的很爽🔥\n裡面有炸魚、米血、鳥蛋、蓮藕..多種配料\n搭配一鍋#檸檬青花椒魚 兩個人吃剛剛好\n這個是小辣等級比較偏酸\n小點類我最推#黑糖流心糕\n口感QQ的加上黑糖流心甜度適中❤️\n飲品絕對要點#金香小七特調\n非常解辣止渴有百香、金桔 冰涼又酸甜\n\n✔️檸檬青花椒魚（小份💰299\n✔️乾鍋魚💰358\n✔️小酥肉💰59\n✔️黑糖流心糕💰128\n✔️脆椒小皮蛋💰188\n✔️金香小七特調💰69\n✔️小七聖代💰69\n\n👣 台中市南屯區五權西路二段518-1號\n🕤 11:00-00:00\n📞 04 2389 3909\n\n#台中美食 #台中 #taichung #taichungfood\n#台中新開幕 #台中試營運 #台中南屯美食\n#台中南屯 #台中酸菜魚'),(109,'mr.xx_foodie',99,NULL,'https://www.instagram.com/p/DDHKXAsvkuv/','#台中美食\n那一間日式串燒居酒屋\n📍台中市北屯區綏遠路二段52-1號\n—————————\n台中北屯相見恨晚日式居酒屋推薦！！\n店面小巧幾乎坐滿著熟客，老闆不僅是對料理有堅持，連接待的客人也是，秉持新鮮的食材和舒適的用餐環境，把小巧的廚房發揮到最大，品項豐富又有特色從家常到精緻通通有，超浮誇巨無霸生蠔可以做焗烤或是生食，各種海鮮、肉品、主食等每一樣真的都是真功夫！\n超推薦大家來這邊小酌聚餐感受居酒屋的人情味｜\n📎營業時間：17:30～23:30\n📎☎️04-22372856\n\n#台中美食推薦 #台中 #台中餐廳 #台中居酒屋 #台中日料 #台中串燒 #台中宵夜 #台中深夜食堂 #台中小吃 #台中燒烤 #台中日本料理 #日式居酒屋 #台中北屯區美食 #北屯區美食 #台中北屯美食 #北屯美食 #那一間日式串燒居酒屋 #taichungfood'),(110,'bestfuchiko',100,NULL,'https://www.instagram.com/p/DAswdCxTDRO/','[台北✖️古亭站]\n🔺麝香葡萄抹茶山戚風 $185\n🔺玫瑰紅棗茶 $140\n-\n南昌公園附近以乾燥花妝點的老宅咖啡廳💐 店內如同小閣樓般，先點餐再上樓挑選座位🪑平日人潮不多，氛圍很愜意💖 牆上還有製作好的花圈可以拿起來拍照📷 樓梯較為陡峭，上、下樓要小心唷⚠️\n-\n#麝香葡萄抹茶山戚風\n之前都選在草莓季回訪，這次看到麝香葡萄也很吸引我😍 戚風本身偏乾爽，搭配抹茶淋醬有好一些～香甜多汁的麝香葡萄，讓人捨不得吃完🥺\n-\n《店家資訊》\n🔎 店名：艸藴\n🉐 推薦度：85%\n🏠 地址：台北市中正區和平西路一段81號\n☎️ 電話：02-2356-3736\n⏰ 營業時間：\n週一至週日 12:00～20:00\n-\n#台灣美食 #台北探店 #台北美食 #台北甜點 #台北咖啡廳 #台北下午茶 #台北必吃 #台北景點 #taipeifood #中正區美食 #古亭美食 #古亭咖啡廳 #艸藴 #麝香葡萄 #抹茶控 #抹茶甜點'),(111,'zero.foodielife',101,NULL,'https://www.instagram.com/p/DBOJzmRT8mq/','and'),(112,'auroratravelergo',102,NULL,'https://www.instagram.com/p/C60asw5rvB-/','| 台北中山。好想吃冰 |\n如果想吃蔬食日料的朋友，大推好想吃冰❤️\n這裡專賣日式剉冰和蔬食料理，每道都讓人愛不釋手😍\n店內裝潢超有FU，特別是榻榻米區，差點以為來日本玩耍🤣\n\n最近出了夏季限定菜單，其中「炭烤G排飯」和「古早味滷肉飯」絕對必點!!!炭烤G排口感酥脆，而滷肉飯搭配酸菜，鮮美又開胃😋\n\n「椒麻口水G」和「明太子烤櫛瓜」同樣超驚艷，不說都不覺得在吃素餒😆\n\n另外「胡麻冷烏龍麵」也超推，口感清爽也適合這炎熱的夏季☀️\n最後「起司藍先生」剉冰絕對是本日顏質擔當，藍柑橘和起司蛋糕的完美結合真的會讓人不小心一口接著一口🍧\n\n店內還提供許多炸物和創新植物蛋，個人超愛他們的章魚燒。沒想到蔬食日料也可以這麼多變和美味，完全顛覆了我的想像🥹\n喜歡日料的朋友，這間絕對要來吃吃！🤩\n\n最後要謝謝前輩 @poethero ，吃完直接收藏進美食地圖哈哈，還收穫了兩位可愛的朋朋 @vegan_expression @jessy22932000 ❤️\n\n-—-店家資訊——\n🚩好想吃冰 かき氷 日式蔬食 中山赤峰店 @iwanticesomuch\n🏠台北市大同區赤峰街7號\n☎️12:00-20:00\n⏰02 2558 0653\n\n#好想吃冰 #台北素食 #台北蔬食 #美食 #台北美食 #台北美食地圖 #台北美食部落客 #台北蔬食餐廳 #無肉料理 #蛋奶素 #中山 #蔬食料理 #蔬食餐廳 #中山素食 #中山蔬食 #中山區 #中山餐廳 #中山晚餐 #中山午餐 #中山拉麵 #中山麵店 #台北中山 #蔬食 #日式蔬食 #日式'),(113,'jffff__',103,NULL,'https://www.instagram.com/p/DDb_Oe_z3Lt/','【 龍鱗拉麵 】\n\n中山站新開幕的拉麵店。雖然週五晚上大排長龍，但好在店內座位不少翻桌率很快，算是目前吃過相對膝蓋友善的拉麵店；拉麵口味蠻豐富，鹽味、醬油、雞湯到魚介都有，還有比較少見的蝦湯可選，也可免費加清湯和麵。\n\n【焦蔥醬油拉麵】整體口味偏重偏油。清澈偏鹹的醬油清湯打底，上層的蔥油炸的很透，屬於焦化香氣大於蔥味的類型，連配料中的筍乾和鮑魚菇都吸了滿滿的焦香，洋蔥和青蔥在解膩方面扮演了重要的角色；雞叉燒和豬叉燒都偏瘦但不柴，主要是黑胡椒和食材的原味；溏心蛋是醬油味的，醃的很透熟度也佳只是偏鹹。\n\n【豪蝦拉麵】天使紅蝦和干貝熟度剛好也頗新鮮，湯頭蝦味重但沒有難以言喻的怪味，調味相較清淡不鹹帶些許甜，屬於有濃郁香氣但不濃稠的風格；鮭魚卵扮演不錯的「點睛」角色，和湯底的味道頗搭。\n\n【豪華叉燒飯】干貝僅有外層炙燒過，中心近乎生食狀態；鮭魚卵給的蠻大方，底層切成小丁的叉燒肉同樣經過炙燒，搭配些洋蔥和帶酸度的日式美乃滋一同入口頗香；飯是溫熱的，口感偏軟但不坨，吸滿上層配料下滲的醬汁精華。\n\n#jffff__吃台北\n#jffff__吃拉麵\n\n#台北餐廳 #台北美食 #中山區美食 #中山區餐廳 #台北拉麵 #中山拉麵 #龍鱗拉麵 #拉麵 #ラーメン #ramen'),(114,'wantoeat_jun_',104,NULL,'https://www.instagram.com/p/C-2pafuPUwp/','📍新竹午晚餐\n#曼谷市場 #新竹市東區\n\n位在新竹巨城對面的泰式料理\n店門口還算好找\n門口也有漂亮的椅子很適合拍照\n店內位置還算蠻多的\n餐點是線上點餐跟現場付錢\n泰式餐點選擇主餐有五種\n\n✔️打拋豬販$180\n還蠻清爽的打拋豬\n吃起來的肉還算可以\n稍微有點小辣的程度\n米飯的部分是泰國米\n還有附上半熟蛋搭配\n而且擺盤的還蠻精緻的！\n\n✔️曼谷紅咖哩雞飯$180\n咖哩雞跟飯是分開的\n醬稍微重鹹一點不辣～\n醬配飯很好吃很下飯\n但是咖哩雞個人覺得還好\n\n✔️椒麻雞飯$180\n會附上半熟蛋配飯\n椒麻雞還蠻酥脆的\n吃起來肉質很濕潤的口感\n\n✔️泰奶$70\n搭配餐點一起吃\n個人覺得比較淡一點稍可惜😭\n\n後附Ⓜ︎ⒺⓃⓊ看價錢\n💵有無低消：160元/人\n\n——𝕨𝕒𝕟𝕥𝕠𝕖𝕒𝕥 𝕛𝕦𝕟——\n📌曼谷市場\n🏠新竹市東區三民路31號\n⏰\n平日11:30-14:00/17:30-21:00\n假日11:30-15:30/17:30-20:00\n⚠️掃qrcode線上點餐，只能現場現金跟line pay 支付，無收服務費\n\n🐰 找標籤\n#wantoeat新竹\n——\n#新竹 #新竹美食 #新竹東區 #新竹東區美食 #新竹泰式 #曼谷市場 #市場小吃 #巨城美食'),(115,'_153qq',105,NULL,'https://www.instagram.com/p/DDozpNXSZlZ/','難得到新竹一定要來吃收藏好久ㄉ餐廳!!!\n果然沒讓我失望(*≧ω≦)\n點的是玫瑰套餐 份量很足牛肉鴨胸都超好吃!!!\n飲料推薦喝烤布蕾拿鐵 超級好喝🥰\n\n店名：Garden Party Restaurant\n地址：新竹市東區金山六街6巷2號\n營業時間：星期二-六（上午11:30-下午9:30）\n建議先訂位呦!!\n\n#新竹美食 #新竹餐廳 #gardenparty'),(116,'bonnie_eating_diary',106,NULL,'https://www.instagram.com/p/DBa_6i4zSls/','【新竹日式定食主食都好吃 穗稻忠武】\n#邦妮吃爆\n穗稻忠武是今年初開幕的日式定食店，外觀是很日式的木造風格，目前沒有預約只能現場候位\n建議一開門的時候就來，店內位子不多當天去半小時內就客滿了\n店內有四人桌跟吧台桌，環境很溫馨可愛\n比較特別的是提供三種不同的辣椒醬，喜歡吃辣的人一定要吃吃看！\n\n💎美國choice 安格斯舒肥牛 $360\n每日限量的套餐真的是必點！每份有9盎司的美國choice安格斯牛，牛肉好吃有油花口感很軟嫩，外表還烤的有點香氣\n醬汁很好吃，原本以為是像咖哩，結果吃起來是比較稀的沾醬口感\n\n💎番茄燉牛肉 $360\n使用紅酒長時間燉煮的牛肉，牛肉很好咬，紅酒香氣超夠，一夾起來就聞到很濃的紅酒香，不過吃起來是完全沒有酒味只有香氣\n\n💎薑汁燒豬肉 $260\n最近新上市的新品，日式炒五花肉，口味適中甜鹹口味，還有加入洋蔥拌炒很下飯\n建議趁熱吃，冷掉比較容易中出油\n\n每份定食除了主餐以外還有附上沙拉，煮物，湯品，白飯\n🔸沙拉\n以定食來說非常有份量的沙拉，生菜非常新鮮，附上胡麻醬可以沾，旁邊還有沙拉馬鈴薯泥跟水果，最上面的炸金珍菇好吃又漂亮\n🔸白飯（可續加）\n使用的是台東池上米\n🔸湯品\n當天喝到的是類似蒜頭雞湯，有蒜頭，白蘿蔔跟豬肉片，是很家常好喝的味道\n🔸煮物\n當天是柴魚豆腐搭配日式甜醬油，可以當前菜也可以當配菜\n\n💎套餐 黑松露蒸蛋+夏日戀人 $100\n💎套餐 黑松露蒸蛋+冬瓜檸檬飲 $100\n如果想要更豐富可以加購套餐\n黑松露蒸蛋上有滿滿的黑松露超濃很香，蒸蛋內還有扇貝\n飲料兩款都不錯，預設的甜度不高，夏日戀人是水果氣泡飲，有加上椰果配料\n\n整體而言\n我覺得穗稻忠武是一間很好吃有特色的日式定食，這次吃的三款主餐都很用心也很好吃，尤其最喜歡安格斯舒肥牛\n推薦給喜歡日式定食的讀者們\n—\n🔸新竹市南市里勝利路131號\n🔸週一-週日 11:00-14:30， 17:00-21:00（每月不定期公休，請看官方粉專）\n🔸店家IG @sleepnoon_131\n—\n#邦妮找晚餐\n#邦妮at新竹\n—\n#新竹美食 #新竹遠百美食 #新竹隱藏版美食 #新竹巷弄美食 #穗稻忠武 #新竹高cp值美食 #新竹在地美食 #新竹日式定食 #新竹聚餐餐廳 #新竹約會餐廳 #日式定食 #新竹日式 #定食'),(117,'eat.play.loveee',107,NULL,'https://www.instagram.com/p/C_frDNfPm3w/','［新竹·東區］\n/\n#新開幕 #新店報報\n\n原來「荒節」 指得就是烘乾過的柴魚\n也是日式料理中不可或缺的角色\n\n#荒節小料理 提供各式日式定食\n以及單點菜色、飲品\n\n每份餐點包括白飯、味噌湯、沙拉、麥茶\n茶碗蒸和兩種漬物小菜\n\n#起司牛肉漢堡排 （圖4）\n一切開就看到肉汁緩緩流出\n搭配牽絲的起司超罪惡\n牛&豬黃金比例混合的漢堡排口感扎實\n最怕吃到筋很多的漢堡排但它們家的不會~\n肉汁香濃 將其拌入飯中會讓人瘋狂扒飯\n\n#極上三拼煮\n將雞腿肉和豬五花片混入蛋液煮至半熟\n淋上鹹甜醬汁如同丼飯一般\n最後放上兩隻黃金炸蝦\n有種同時吃到三種主食的感覺 超級滿足\n白飯可+$40升級為讚岐乾烏龍麵\n\n#鮭魚卵滿滿茶碗蒸\n茶碗蒸細緻滑順 入口即化\n每一口都吃得到嗶嗶啵啵的鮭魚卵\n拜託大家一定要升級\n\n#明太子日本山藥 跟 #龍田炸雞\n也都喜歡\n\n其實從店家開幕時就在觀望了\n只是離家比較遠加上不好停車一直沒機會來吃\n（後來發現隔壁有停車場🅿️）\n整體都蠻符合我的口味\n之後如果有去好事多會想順道回訪\n/\n👉起司牛肉漢堡排💲390\n+$80更換鮭魚卵滿滿茶碗蒸\n👉極上三拼煮💲380\n+$40讚岐乾烏龍麵\n👉炸薯角💲80\n👉龍田炸雞💲120\n👉明太子日本山藥💲160\n/\n荒節小料理・和定食専門\n📍地址|新竹市東區關新二街108號\n☎️（03）579-9660\n⏰營業時間|1130-20:30\n🚫公休日|禮拜三\n🔍 #圈呸吃新竹\n/\n#新竹美食 #新竹必吃 #新竹 #新竹小吃 #新竹景點 #新竹餐廳 #竹北 #竹北美食 #竹北小吃 #關新路美食'),(118,'chupeioutsider',108,NULL,'https://www.instagram.com/p/C508OLSPrzh/','新竹·竹北·李麵點麵食館 #新開幕 #新店報報\n\n感謝讀者分享，讓我發現這家\n近期在竹北吃到很喜歡的麵食館(˶‾᷄ ⁻̫ ‾᷅˵)\n\n湯包是我喜歡的薄皮湯包\n一籠8顆，咬開後肉汁蠻多\n肉餡是全瘦的絞肉，看起來沒有蔥薑也沒吃到肥肉\n味道我覺得蠻清爽，我很喜歡\n湯包本體單吃就讚，不用沾醬也很好吃\n我一個人快吃光整籠也不會覺得膩\n（湯包有些吃多會膩，你們懂的）\n榮登我目前竹北吃到最喜歡的湯包之一\n\n牛肉餡餅也是咬開後直接爆汁\n雖然餡餅的湯汁吃起來比較油，\n但還在我可接受的範圍\n餅皮煎到脆脆的很讚\n\n過了三天後我又來回訪\n這次吃了上次想吃但沒點的捲餅跟蛋餅\n\n餅皮都是有點類似蔥油餅那種\n表面微酥越嚼越香的餅皮\n\n捲餅本身就有包一層甜甜的醬\n我覺得很好吃！！！也沒有什麼咬不動咬不爛的狀況\n\n肉鬆蛋餅的肉鬆給很多，但吃起來一點都不會乾\n\n他們的沾醬也還不錯\n就是簡單的醬油＋白醋，但跟所有的麵點都很搭\n辣醬也是很香但很辣，第一次吃請先酌量使用xd\n\n目前吃下來四個品項都沒踩雷，有點感動QQ\n而且店員跟阿姨人都超好超親切\n廚房作業也很透明，可以看到師傅現擀麵\n\n雖然以上品項單吃不用配水都不會乾\n但還是有點希望之後店家會賣豆漿或酸梅湯之類的飲料，感覺配著吃會更爽\n\n以上是近期愛店，跟各位分享！\n有去吃然後喜歡的話歡迎來留言分享心得^^\n（滑到最後有菜單😊）\n\n📍李麵點北方麵食館\n🏠 302新竹縣竹北市勝利六街5號\n\n#李麵點北方麵食館 #竹北局外人#chupeioutsider#孤獨的美食廢文 ##新竹美食 #竹北美食 #竹北外食 #竹北晚餐 #竹北早餐 #邊緣人吃竹北 #竹北小吃 #竹北平價美食 #신주맛집 #chupeifood #hsinchufood #竹北新開幕'),(119,'bk.liao',109,NULL,'https://www.instagram.com/p/C6aNT3sPAuu/','新竹東南街必吃\n神之麻辣燙\n自從吃過這家\n我們機乎都沒再去吃麻辣火鍋\n很不方便\n\n\n⚠️量力而為⚠️\n❗️這家麻辣真的猛，平常吃的辣度請自動降階\n粉絲專頁在這兒👉🏻 @malayouhu.offcial\n\n\n🙋🏻‍♀️這次才發現這家居然有箭筍耶麻辣的不錯\n💁🏻TAG愛吃麻辣燙的朋友爆幹推這家超好吃\n\n\n\n\n#BK新竹必吃2024\n#noodles #noodle #noodlesoup #麻辣 #麻辣誘惑\n#noodlelover #spicy #spicyfood #麻辣火鍋\n#新竹美食 #台灣小吃 #台灣美食 #泡麵\n#taiwanfood #chinesefood #滷味 #麻辣烫'),(120,'blacksugar_twtraveler',110,NULL,'https://www.instagram.com/p/C6u5gUsvUUV/','#新竹美食\n\n🏠美食：幽靈馬車小吃店\n✅地點：302新竹縣竹北市民權街26號\n⏰時間：16:00-00:30，星期日休息\n⁡\n幽靈馬車小吃店自疫情時就只做外帶\n直到近幾個月終於開放內用啦\n內用冷氣頗涼，夏天來也沒問題\n店家提供湯品、臭豆腐、炸物\n而且又營業到午夜，宵夜時段人潮真的不少耶\n⁡\n👑涮羊肉(麵線+菜) $90\n應該是最多人點的湯了\n是淡淡的當歸湯頭，味道偏甜\n有加點酒提味\n完全不油膩，也沒太重的騷味\n薄薄的羊肉片有點筋，不算難咬\n加麵線加菜，整碗料還蠻足的\n⁡\n👑臭豆腐 $60\n臭豆腐口感一級棒\n外酥內軟綿\n裡面會加蒜泥和一點醬汁\n醬汁是鹹底帶點酸(?)\n泡菜蠻酸的\n⁡\n👑鹹酥雞 $50\n裹粉很薄\n本身已有醃漬過，帶點甜味\n不是多汁類型，但也不會太乾硬\n⁡\n👑甜不辣 $30\n炸的超級澎\n外皮脆，整體蠻有口感\n份量蠻多的\n⁡\n👑四季豆 $30\n蠻粗的，有新鮮\n⁡\n👑米腸 $20\n外層酥脆有點鍋巴感了\n米粒是有調味過的\n吃起來頗香\n⁡\n👑豆干 $20\n扁薄型的豆干\n⁡\n📝個人筆記\n1. 涮羊肉不錯\n2. 鹹酥雞、四季豆、米腸會再點\n3. 如果是當正餐再加點臭豆腐\n⁡\n#hsinchu #hsinchufood #幽靈馬車小吃店 #鹹酥雞 #涮羊肉 #臭豆腐 #新竹晚餐 #新竹宵夜 #新竹 #竹北美食 #竹北 #新竹小吃'),(121,'eat.play.loveee',111,NULL,'https://www.instagram.com/p/C4R58y-PnZS/','［新竹·竹北］\n/\n#新開幕 #新店報報\n\n#Yénitte言って食処\n融合法式與日式的料理方式\n打造出不同風格的拉麵🍜\n\n採用點餐機點餐\n分為乾拌麵、雞/鴨禽湯、米飯類\n還會不定時推出限定口味\n\n前菜黑色部分不酥不脆\n吃起來像軟掉的酥皮\n最上面那片乍看像松露但吃起來像脆瓜（？）\n可能像需要搭配講解 不然吃不懂有點可惜\n\n#熟成味噌乾拌拉麵\n拉麵Q彈帶勁\n搭配炙燒後的叉燒香氣十足 口感也很軟嫩\n跟著昆布塩一起入口帶出甜味\n\n熟成味噌本身鹹度偏高\n可以加點一份 #失敗蛋\n拌勻享用多了蛋香同時也能平衡鹹味\n推薦給重口味的朋友\n（點餐時看圖片以為失敗蛋是溫泉蛋\n結果其實就是半熟蛋 😂）\n\n#醬油松露牛肝菌雞湯\n麵條硬度偏愛「麵硬」\n雞肉部分滑嫩細緻\n湯頭清甜甘口 拌入松露又是不同風味\n寒流那天實在太需要熱湯\n喜歡到整碗喝完😍\n/\n👉熟成味噌乾拌拉麵💲160\n👉醬油·松露牛肝菌雞湯💲295\n/\nYén itte 言って食処\n📍新竹縣竹北市光明十街161號\n⏰營業時間|12:00-13:30/18:00-21:00\n🚫公休日|禮拜日、ㄧ\n🔍 #圈呸吃新竹 #圈呸吃竹北\n/\n#新竹美食 #竹北美食 #新竹正餐 #竹北正餐 #新竹外帶 #竹北外帶 #新竹日式 #竹北日式\n#竹北拉麵 #新竹拉麵'),(122,'f_ooood_',112,NULL,'https://www.instagram.com/p/C7HHrz_PkGu/','#pastadeshowパスタでしょう義大利生麵廚房\n\n「 PASTA de SHOW 義大利生麵廚房 」\n是我喜歡很久的義大利麵店\n每次吃都有滿滿的幸福感⋯⋯！\n近期開幕了二店 位於巨城周邊的經國路綠園道\n雖然地址是北大路 但是是位在面向經國路那側\n維持與本店相似設計 充滿綠意的外觀特別可愛\n\n我平時都到本店用餐 位於新莊公園對面\n與園區及清交大距離較近\n二店開幕後 位於市區的朋友就不用跑這麼遠～\n\n餐點品項及價格皆與本店相同\n主打的是特別的「義大利生麵」\n生麵是指沒有經過乾燥過程的義大利麵\n吃起來更軟Q 更有彈性 更會吸附湯汁\n一般的義大利麵則吃起來切齒感較重\n\n▪️豪華福岡明太海鮮 $360\n▪️豪華兵庫海膽海鮮 $370\n\n這次一樣點了最喜歡的明太子醬\n奶味濃郁 但搭配明太子鮮味而不膩口\n與有彈性的生麵拌著吃真的很好吃⋯⋯！\n生食級干貝煎至剛好的熟度 非常鮮甜軟嫩\n豪華海鮮另外還有鮮蝦與蛤蜊\n如果覺得價格太高我推薦點明太子干貝就好～\n\n另外這次也第一次嘗試了也是很熱門海膽醬\n原本很好奇海膽醬是什麼味道\n吃了發現是與明太子醬類似的口味\n但比較多的是海鮮鹹香 搭配魚卵增添口感\n跟明太子醬相比奶味沒那麼重 更為清爽\n也很推薦～～如果你也喜歡明太子醬\n我覺得也一定會喜歡這款！\n\n麵條及辣度可以選擇\n麵條分為 細麵 / 寬麵 / 燉飯 我最常吃細麵\n聽說燉飯也非常好吃！但我每次都忍不住點麵\n辣度的話蠻推薦小辣 帶有辣椒香氣特別加分\n\n這邊特別的點還包括醬汁較多、用筷子吃麵\n如果沒辦法接受的話不要去⋯⋯不然好難排><\n\n#好想要吃新竹ㄛ #好想要吃午晚餐ㄛ\n\n-\n［ PASTA de SHOW 義大利生麵廚房 -北大店 ］\n\n地址｜新竹市北區北大路40巷30之2號\n電話｜03-542-0042\n時間｜11:30～20:30（最後點餐20:00）\n\n｜寵物友善 可落地\n\n#新竹美食 #新竹 #新竹午餐 #新竹晚餐 #新竹美食系列 #新竹餐廳 #美食 #新竹義大利麵 #pastadeshow'),(123,'celine.2099',113,NULL,'https://www.instagram.com/p/C40BDoerwse/','文青時尚不限時茶飲店☕️\n\n#台北 #北車 #新店報報\n\n美好的一天從玖仰開始，我的愛店開了新分店，這家位在台北車站信陽街，延續韓系時尚風格，文青又有質感茶飲店，空間設計新穎，一樓~三樓是座位區，位子超多～三樓有提供無限充電插座，四樓未來會規劃成包廂，適合辦活動或會議，餐點和茶飲選擇多元化非常豐富，價格也很親民，重點是不限時，舒服明亮的空間，早上11點就開始營業，可以從早待到晚，一整天在這𥚃看書、聊天、朋友聚會、同事聚餐，都沒問題❤️\n\n酥炸排骨溫沙拉️🥗份量超足！根本就是二人份的健康輕食，滿滿的青菜，淋上胡麻豆乳醬，搭配獨特醬汁醃製入味的排骨肉口感有彈性又不乾柴，豐富多樣的配菜加上沙拉，清爽又有飽足感❤️水餃顆顆飽滿美味、人氣必點的塔香皮醬拌拌麵，Q彈的麵條配上香辣肉醬和皮蛋 ，酥炸蘿蔔糕，外酥內軟 、酥炸排骨雞麵，口感有彈性的排骨配上湯頭吸飽辣味的雞麵太美味啦❤\n\n超推這家的茶飲，濃醒赤烏龍鮮奶茶、桂釀蕾夢、焦糖布丁Feat珍珠鮮奶、凍頂烏龍、茶香濃厚層次分明，不論是搭配珍珠還是布丁，都非常喜歡💕\n\n原味慢熟焦糖布丁🍮很合我口味，口感滑嫩好入口，伴隨著茶香味道，慢慢地在嘴裏散開，是我吃到最好吃的布丁❤️\n\n紅玉炙燒布蕾，紅玉口味的蛋糕體，口感綿密帶點紅玉茶香，內餡有Q彈的麻糬豐富口感，炙燒過後的烤布蕾，薄脆的焦糖香氣濃郁，令人愛不釋手❤️最後再吃一口，達克瓦茲外層糖粒口感酥脆、內部蓬鬆柔軟輕盈內餡是紅玉和包種口味，少女心️爆棚超人氣法式甜點，完美的劃上句點❤️\n-️\n✅濃醒赤烏龍鮮奶茶$70\n✅凍頂烏龍$35\n✅桂釀蕾夢$55\n✅焦糖布丁Feat珍珠鮮奶$75\n✅紅玉炙燒布蕾$75\n✅達克瓦茲2入(紅玉/包種)$75\n✅經典原味慢熟焦糖布丁$75\n✅水餃(高麗菜10顆/韭菜5顆)$135\n✅塔香皮醬拌拌麵$100\n✅鹽酥雞$130\n✅酥炸蘿蔔糕$88\n✅酥炸排骨溫沙拉(胡麻豆乳醬)$158\n✅酥炸排骨雞麵$130\n-\n📍：信陽門市\n💌：台北市信陽街6-2號\n☎️：02-2311-7746\n⏰：11:00-21:00\n🚇：台北車站捷運站8號出口\n\n📍：仁愛延吉門市\n💌：台北市大安區延吉街233-4號\n☎️：02-2709-8613\n⏰：08:00-21:00\n🚇：國父紀念館站\n-\n📍：信義永康門市\n💌：台北市大安區永康街9-1號\n☎️：02 2358-1613\n⏰：11:00–22:00\n🚇：東門站\n-\n📍：玖仰久仰\n💌：新北市板橋區文化路一段188巷51號（台北板橋傑仕堡門市）\n⏰：11:00~21:30\n☎️：02-2256-5613\n🚇：新埔捷運站\n-\n📍：新竹遠百店\n💌：新竹市北區西門街54號\n☎️：03-5229613\n⏰：08:00–22:00\n-\n#台灣 #台灣美食 #台北美食 #台湾美食 #Taiwan #大安區美食 #國父紀念館美食 #Taipei #台北咖啡廳 #台北咖啡廳 #玖仰茶食文化 #永康街 #東門美食 #東門站美食 #新竹 #新竹美食 #新竹大遠百 #板橋 #板橋美食 #台北車站 #北車美食 #新埔 #新埔美食 #台北車站美食'),(124,'_lonely_foodie_',114,NULL,'https://www.instagram.com/p/C9jxOhfRPLQ/','📍新竹｜川炁 飯麵館🍴\nᴱᴬᵀᴵᴺᴳ ᶠᴼᴼᴰ\n#川味水煮牛 $210\n#私房排骨炒飯 $150\n#醋溜土豆絲 $90\n#紅油抄手 $75\n-\n今天來分享一家竹北的小餐館✨\n那天晚上去的時候差點就要吃不到了\n因為生意真的太好了.ᐟ.ᐟ\n等餐也等了好一段時間\n主要賣台菜、川菜等料理\n\n點了經典的川味水煮牛\n看那滿滿辣油跟辣椒🌶️超級過癮\n真的很合我的口味😆（重口味🙌🏻\n牆上掛有如何挑選好的辣椒粉的海報\n想必對於辣椒的使用也是很講究\n\n排骨炒飯也是很推✨\n有特別調味過的排骨再油炸\n酥炸口感特別好吃😋\n調味適中又粒粒分明的米飯🍚\n難怪這道排骨炒飯是很多饕客的必點項目\n\n最後一定要大推紅油抄手🥟\n絕對是下次來還會再點的品項👍🏻\n調味的非常好😋\n啊土豆絲（馬鈴薯）我吃不懂🥔\n就不評論了👻\n整體而言很喜歡會回訪的店😉\n-\n#新竹 #新竹美食 #竹北 #竹北美食 #川炁飯麵館 #川炁 #川菜 #hsinchu #hsinchufood #noodles'),(125,'judy._.foodiee',115,NULL,'https://www.instagram.com/p/C19KZl9rCMk/','﹝幸福客家麵館﹞\n鄰近新竹馬偕醫院及清大的古早味客家麵食館\n除了客家經典湯圓及米粉外，還有提供多種台式熱炒、湯品的選擇\n\n🔹今日享用🔸\n🔺每日限量 客家滷肉飯$90/客家封肉$160\n滷汁的八角味偏重且帶有些許甜味\n- 滷肉飯配上豆干、鵪鶉蛋、酸菜，呈現經典古早味配備\n- 封肉配上筍絲，口感入口即化（偏肥\n\n🔺客家湯圓 $90\n滿滿的菜加上爆炒香菇、肉絲，配料多到看不到主角湯圓\n湯圓口感偏黏、糯，湯頭意外的清爽\n\n🔺牛五花雙蛋炒飯 $160\n看到google評論上炒飯的色澤，完全被吸引！\n果不其然鹹香油亮又夠味，口感粒粒分明但有些偏油\n牛五花及蛋的份量更是每一口都能吃到\n\n🔺蠔油牛腱 $200\n蠔油獨特鹹甜味搭配薄切的牛腱、洋蔥、青蔥、玉米筍\n整體醬汁蠻下飯/份量多\n個人覺得勾芡偏多且牛腱的口感偏硬些\n\n🔺麻婆豆腐蝦仁 $210(套餐)\n有主食、白飯、三樣小菜、湯品；搭配的小菜每日會隨機更換\n蝦仁是手撥好的！完全不用再剝殼\n蝦身的鮮度表現不錯，口感也是富有Ｑ度的；但麻婆豆腐的辣度比我想像中不辣非常多，反而是有點甜辣的感覺\n\n⭐️茱蒂評分4（滿分5）⭐️\n套餐口味大致分為宮保、蠔油、麻婆豆腐\n肉類選擇眾多：「雞丁、牛肚牛筋牛腱、豬／牛五花、蝦仁」\n整體環境空間整潔明亮且座位數多\n單點及套餐價格落在$50~$300間，套餐份量一人享用也超飽！\n蠻適合家庭客及各式聚餐用餐\n\n▪️幸福客家麵館▪️\n📍新竹市東區光復路二段171號173號\n📍赤土崎停車場距離約200m\n⏰11:00~13:30；17:00~20:00\n☎03 516 0118\n\n#新竹 #新竹景點 #新竹旅遊 #新竹聚餐 #新竹餐廳 #新竹早午餐 #新竹午餐 #新竹晚餐 #客家菜 #客家美食 #湯圓 #聚餐餐廳 #新竹東區 #新竹東區美食 #新竹美食 #新竹市美食 #新竹美食推薦 #新竹美食地圖 #新竹美食系列 #新竹小吃 #新竹必吃 #清大 #清大美食 #交大 #交大美食 #hsinchu #hsinchufood #hsinchutravel'),(126,'anna.y.t',116,NULL,'https://www.instagram.com/p/C-1ggiovqkw/','#山上村\n#苗栗美食\nﮩ٨ـﮩﮩ٨ـ♡ﮩ٨ـﮩﮩ٨ﮩ෴ﮩ_____⁡\n雖然叫山上村 但路程沒有很山\n離南庄老街約12公里\n可以安排一連串的行程😏💛\n\n‪♡餐廳有定食/火鍋/甜點/飲品\n但必須特別留意\n.ᐟ‪‪‪.ᐟ‪‪‪有吃火鍋就不能在榻榻米用餐哦.ᐟ‪‪‪.ᐟ‪‪‪\n以及禁止帶寵物入內 т  ̫ т\n\n滿推薦的定食 ｜山野土雞西京燒｜\n雞肉不柴 肉量真的很多\n就是稍鹹了些 是白飯小偷呢 😝\n原本定食就附蒸蛋、土瓶蒸、烤飯糰、鮪魚泥脆餅\n我覺得很飽 價格只要 400元\n\n還有一個｜溫泉蛋奶油燒牛肉定食｜\n也只要280元 超佛心的吧♡♡♡\n\n｜素食火鍋套餐｜ 300元\n蔬菜很多也很新鮮 但須事先預訂\n\n甜點價位落在150上下\ncp值高 蛋糕較像古早味蛋糕\n對上價格無法要求太多 賣相很好\n\n目前假日線上訂位依舊很滿\n試營運期間採預約制\n\nadd.:苗栗縣三灣鄉52號\nopen:1130-1900 (星期二休息)\n\n｡.ﾟ :✿｡.ﾟ :✿｡.ﾟ :✿｡.ﾟ :✿｡.ﾟ :✿｡.ﾟ :✿｡.ﾟ :✿\n#苗栗咖啡廳 #新竹咖啡廳 #新竹美食 - ̗̀𖤐\n#三灣美食 #手機食先 #日式定食 - ̗̀𖤐\n#日式餐廳 #苗栗景點 #苗栗下午茶 - ̗̀𖤐\n#annafood_苗栗 #苗栗旅遊 - ̗̀𖤐\n#景觀餐廳 #日式庭園 #新店報報 - ̗̀𖤐'),(127,'so_hungryyyun',117,NULL,'https://www.instagram.com/p/C9nGTi7vnu2/','📍新竹竹北 | 蘭英拌麵所\n-\n✓ 跟學姊約吃飯，找個工作地方附近的小店吃吃，本來想說只是簡單的乾麵店而已，結果客人蠻多而且裝潢很新穎，用餐體驗還算舒適\n✓ 太久沒回新竹吃飯常常被這裡的物價嚇到，燙青菜$60？？\n\n🍜嫩煎雞肉乾拌麵 $120\n沒有很大份，看起來過兩小時就會餓的份量，賣$120也只有竹北可以這樣搞了吧==\n麵體是細麵，帶點嚼勁的口感配上不出色卻有基本水準的醬汁，雞肉的量很大方，雖是雞胸肉卻被煎的完全不乾柴，保留嫩的口感，蠻好吃的\n\n🥟紅油抄手 $90\n主要是椒麻的香氣，辣度很低\n不過有點粉皮的口感，孤狗評論區還很多人推...？\n總共十顆每顆都蠻小的，一個人就可以吃完一份\n我是覺得超普的，完全不懂評論很多人說頂是哪裡頂\n\n✓ 總結：竹北物價的文青小麵店，只推乾拌麵\n-\n回訪意願：⭕\n看隔壁桌的燒肉乾拌麵感覺不錯\n-\n#新竹美食 #新竹 #美食 #新竹竹北 #新竹竹北美食 #竹北美食 #竹北 #新竹美食推薦 #新竹美食地圖 #新竹美食之旅 #美食必吃 #美食推薦 #竹北美食推薦 #竹北美食地圖 #竹北美食之旅 #新竹必吃 #竹北必吃 #新竹晚餐 #新竹午餐 #新竹餐廳 #新竹餐廳推薦 #新竹小吃 #蘭英拌麵所 #乾拌麵'),(128,'f_ooood_',118,NULL,'https://www.instagram.com/p/C5a723orPqw/','#壹吉 #新竹美食 #新開幕\n\n東門市場新開幕的超～厚豬排「壹吉」！\n\n位於東門市場的1105號攤位\n從中央路那側入口進來馬上就能看到\n\n店內只有八席單人座位\n目前皆無預約 到場就能填候位表\n有限量份數 填滿即代表當天完售\n之後再依序叫號 但剛開幕人潮眾多\n可能需要提早很多去排隊 以免撲空～\n\n▪️極厚切炸豬排丼450g $549\n▪️特上炸豬排丼150g $269\n▪️壹吉精選配餐 $80\n（含小菜三樣、高麗菜絲、飲品）\n\n豬排使用台灣國產豬製作\n特選部位肥瘦均勻 再經過12小時舒肥\n炸的程度剛好 讓整體吃起來Q彈紮實但不過硬\n外皮酥脆金黃 現點現做 無腥味及油耗味\n\n搭配新鮮檸檬角+海鹽 是我覺得最好吃的\n能品嘗到豬排本身最純粹的香氣\n另外 一旁附的特製辣醬也很好吃\n交互搭配著豬排一同品嘗讓人非常滿足\n\n豬排共有三種選項：150、300、450g\n450g極厚切 每日限量非常少數\n我自己是吃150g的 其實跟一般的比也是厚切\n一般人我覺得吃300g就非常夠了\n\n炸豬排丼皆內含雙蛋且可續飯\n高湯玉子也是我很印象深刻的 口感特別柔順\n搭配著一起吃真的很加分 吃得非常飽～！\n\n建議點厚切豬排的話要加點配餐\n包含配好的三樣小菜、高麗菜絲、飲品\n搭配著吃比較清爽 也可以解膩\n\n如果不用排隊排那麼久的話我是很願意再訪的！\n推薦給大家\n\n#好想要吃新竹ㄛ #好想要吃午晚餐ㄛ\n-\n\n［ 壹吉炸豬排專門店 ］\n\n地址｜新竹市東區大同路86號（東門市場1105號）\n時間｜依店家ig @ichikatsuu 為主\n\n#新竹 #新竹餐廳 #新竹市 #新竹晚餐 #新竹東區美食 #新竹午餐 #新竹美食 #新竹豬排 #東門市場 #新竹東門市場 #東門市場美食 #新竹東門市場美食'),(129,'i_can_eat_more',119,NULL,'https://www.instagram.com/p/DA5ygctTxxd/','#金魚豆花爆推\n📍 阿美泰泰\n⏰ 11-14 17-2030 / 週一休息(其餘公休日依粉專公告)\n🏠 新竹市東區民權路120號1樓\n📞 03 542 0180\n\n———— 時隔多日的再訪阿美泰泰！ ————\n\n印象中超久沒來吃阿美泰泰啦！前幾天胃突然變成泰式的形狀，第一個想到的就是來阿美泰泰用餐！內用座位大概有三桌很容易就坐滿，老闆依舊帥，不知道假日還會不會在前面公園練泰拳🔥，菜單看起來有調整一些，這次都是點平常泰式較少吃的品項！依舊美味～\n\n▫主餐加價$50有涼拌手撕雞or涼拌辣花枝\n▫泰好食+泰好喝可折抵$5\n▫訂位以電話為主\n\n▪阿美辣炒雞飯 $160 + 涼拌辣花枝 $50\n小辣辣香感讚讚，雞肉、玉米筍、洋蔥、四季豆、打拋葉(?、硬花生滿滿配料，辣中還有濃郁的椰奶香，再配口半熟蛋，每口都是吃好吃滿！加購的涼拌辣花枝是小份的，涼拌酸辣開胃，花枝吃起來也很新鮮～\n\n▪涼拌辣豬肉河粉 $120\n河粉與醬料分開盛裝，可以依自己的喜好加入醬汁調整辣度，河粉份量不少軟Q順口，豬絞肉吸滿醬汁酸辣夠味，切絲小黃瓜、紅蘿蔔與洋蔥、硬花生增添口感，還有顆水者\n煮蛋！\n\n▪泰式醇奶茶 $65\n固定半糖的甜度不會過甜，泰奶香氣十足，好想念那個已消失的泰奶奶酪RRR\n\n喜歡吃泰式的朋朋收藏起來！\n趕快帶朋友一起去吃吧！🙋🏻‍♂️\n\n#阿美泰泰 #新竹美食 #新竹午餐 #新竹晚餐 #新竹泰式 #新竹小吃 #金魚豆花吃上隱\n#hsinchu #hsinchufood #taiwanesefood #thaifood'),(130,'bobowingreg',120,NULL,'https://www.instagram.com/p/CahfrKtPj0Q/','台灣/新竹\n\n好喜歡來竹東北埔一帶玩😍\n每次總有新發現❗️\n五指山猴洞登山步道旁\n多了一間森林系窯烤披薩店\n👉🏻森窯 @pizzahaveapicnic\n租借免費的野餐墊\n到森林裡找個喜歡的地方❤️\n享用Pizza 🍕\n這裡真的是最放鬆的景觀餐廳👍🏻\n被整片森林包圍🌲\n\n📍 新竹森窯have a Picnic\n地址: 新竹縣北埔鄉外坪村六股8鄰20-1號\n電話: 0958-806-022\n營業時間: 週三~週五 11:00 – 17:30 (17:00 為最後點餐時間)、週六~週日 11:00 – 18:30(17:30 為最後點餐時間)\n\n⭐️疫情期間前往觀光景點務必配戴口罩😷\n\n更多親子旅遊資訊 #寶寶溫旅行親子生活\n記得開啟右上角貼文通知呦🔔\n追蹤我看更多親子旅遊攻略📝 @bobowingreg\n\n#台灣 #台灣景點 #台灣旅遊 #台灣美食 #新竹景點 #新竹美食 #新竹 #旅遊 #旅遊景點 #台灣美食 #親子景點 #親子 #親子餐廳 #寶寶溫旅行親子生活 #親子旅遊 #旅遊景點 #旅遊 #森窯 #北埔 #北埔美食 #taiwan #taiwantravel #travelphotography #foodie'),(131,'foodiemylife',121,NULL,'https://www.instagram.com/p/DC8MtLjvKp6/','and'),(132,'f_ooood_',122,NULL,'https://www.instagram.com/p/C48D0p6vCIF/','#時覓 #新竹美食\n\n新竹可以免費續飯續湯的海鮮丼飯專門店\n最便宜只要$230 就能醋飯、味噌湯無限續加！\n\n▪️炙燒焦糖鮭魚肚丼 $390\n（ 加生蛋黃 +$30 ）\n\n有厚度的鮭魚灑上糖炙燒\n魚肉色澤鮮美 肉質軟嫩完整\n再加上兩顆一樣炙燒後的鮮甜干貝、鮭魚卵\n加購生蛋黃一起吃也別有一番風味\n（原本的是沒有蛋的喔！）\n\n搭配的芥末是天然磨製 吃起來有濃濃香氣\n醋飯也是粒粒分明 不過酸恰到好處\n附的味噌湯也不馬虎 老闆態度親切友善\n\n所有的一切都讓人有很棒的體驗⋯⋯！\n雖然價格上可能不是最便宜的\n但還是會想推薦給大家去吃的一家好店\n\n#好想要吃新竹ㄛ #好想要吃午晚餐ㄛ\n\n-\n\n［ 時覓sumi ］\n\n地址｜新竹市北區平和街32號\n電話｜03-526-0585\n時間｜11:30-14:00 17:30-20:30\n公休｜週一\n\n｜無訂位服務\n｜僅現金支付\n\n#新竹 #新竹餐廳 #新竹市 #新竹晚餐 #新竹城隍廟美食 #新竹北區 #新竹城隍廟 #新竹生魚片'),(133,'bonnie_eating_diary',123,NULL,'https://www.instagram.com/p/C1OuY0_v7QM/','【聖誕健康蔬食餐聽 光焙若蔬食】\n聖誕節要到了，相信大家都在找聚餐餐廳，光焙若蔬食位在巨城五樓誠品旁邊的美食街\n店內的餐點以蔬食為主軸，選擇多樣從沙拉，義大利麵，燉飯，披薩，烤餅，漢堡到甜點\n餐點都會表示全素或是蛋奶素，有些品項也可以客製化成全素\n\n💎夏威夷島嶼披薩 $368\n披薩是我在光焙若蔬食最愛的品項，店內可以看到有一個窯烤爐，披薩都是現點現烤\n口感屬於偏濕軟的披薩，料非常多有鳳梨，起司，素肉丸還有微微烤過的櫛瓜，口感偏脆\n\n💎西班牙海鮮燉飯 $278\n蔬食採用素肉跟杏鮑菇模仿海鮮的形狀，乍看之下真的很像葷食，燉飯的口味比較偏奶，配上多樣的配菜\n\n💎 +$168套餐\n主食類都可以加價升級套餐，套餐有三種價位可供選擇\n🔸主廚濃湯附小餐包\n小餐包是法國麵包，建議上桌盡快食用口感最軟處最好吃\n當天的主廚濃湯是南瓜濃湯，濃到不行真的很像直接用南瓜打成汁，可以單喝也可以沾麵包\n🔸風味小薯條\n🔥薯條滿特別的，外面有再裹上一層粉下去炸，口感更脆好吃！\n\n💎檸香青茶 $65\n本身是無糖，在自助吧區有糖漿可以自行添加\n\n💎香蕉莓果戚風蛋糕 $98（巨城店滿額800元贈送）\n目前巨城店有活動，當天消費滿800元就送加上甜點，當天剛好是剩香蕉莓果戚風蛋糕\n🔥蛋糕是有微微加熱過，連盤子都是溫的，我覺得這款很好吃，戚風很軟不會過乾，想氣也很天然\n\n整體而言\n我覺得光焙若蔬食是一間讓素食者也可以聚餐的餐廳，品項非常多元選擇多樣\n對於葷食者如果不介意素肉可以點燉飯，義大利麵類\n如果本身就喜歡蔬食個人推薦奶素的披薩，奶香濃郁好吃\n\n🎉加入官方Line @sunberno.tw可以拿到入會禮95折優惠\n—\n🔸巨城五樓\n🔸營業時間隨巨城\n🔸店家IG @sunberno_vegetables\n—\n#邦妮at新竹 #邦妮at巨城\n#邦妮找晚餐\n—\n\n#光焙若 #新竹美食 #新竹素食 #新竹東區美食 #新竹蔬食 #新竹披薩 #新竹餐廳 #新竹蔬食餐廳 #巨城美食 #巨城 #巨城餐廳'),(134,'nu_fooddiary',107,NULL,'https://www.instagram.com/p/C_vRjlxzTNQ/','🍡 荒節小料理 ·新竹東區\n\n\n最近新發現一間好吃的漢堡排定食！\n就是在關新公園附近的【 #荒節小料理 】\n今年三月新開幕不久，一直默默低調經營著，\n爬了文才發現原來是澳式早午餐ArvoAvo的姊妹店～\n\n\n那天我們點的兩種定食我覺得都很好吃！\n而且套餐內容很豐富，一套吃完真的有夠飽，\n總覺得新竹同類型的餐廳沒有很多，\n這間會讓我想從竹北特地再來吃耶！\n\n\n｜定食皆附手作漬物、小菜、茶碗蒸、日式柚香沙拉｜\n｜田野味噌湯、日本越光米飯、焙煎熱麥茶｜\n（味噌湯可續加一次、白飯可無限續加）\n\n\n■ 起士牛肉漢堡排定食 $390\n荒節的漢堡排使用牛、豬絞肉混合、手打製作而成，\n內餡包入起士，切開會和熱騰騰的肉汁一起流心出來🤤\n漢堡排個頭很大一顆！\n口感紮實、多汁卻不會太油，\n醬汁口味偏重，\n配著Ｑ彈的日本越光米，整個很下飯～\n\n\n■ 蔥鹽雙拼定食 $380\n伊比利肋條肉和烤醬燒雞腿排的雙拼組合！\n適合像我一樣什麼都想吃一點的人😆\n醬燒雞腿搭配蔥鹽醬很涮嘴，\n伊比利豬肋條的油脂十分豐富，口感超juicy✨\n\n\n■ 胡麻布丁 套餐加購+$70\n使用白芝麻醬做的布丁，真的有濃郁胡麻香氣！\n表面還有炙燒黑糖和黃豆粉，味道我滿喜歡，\n口感則比較偏奶酪那樣的滑順感～\n\n\n然後我要強力推薦大家套餐升級『鮭魚卵茶碗蒸』！\n茶碗蒸使用新竹滿珍香牧場的土雞紅卵蛋製作，\n搭配滿滿海味的鮭魚卵，也太好吃了🥹\n還有沙拉也推薦可以換成『蔬菜可樂餅』\n麵衣薄脆不油，馬鈴薯泥也很綿密細緻，很厲害！\n\n\n雖然乍看會覺得 #荒節小料理 的餐點價位有點高，\n但實際上店家在食材的選用上看得出來有講究，\n而且餐點口味也很不錯！\n我最喜歡他們菜單豐富程度很高，\n小菜和漬物就分別有3-4種在輪替，\n套餐裡的幾乎每一個組成也都有不同選擇，\n連單點品項有好幾個我看了都很想吃🤭\n推薦給大家有時想吃好一點可以來唷🙌🏻\n\n\n\n\n📍店家： @katsuo__koryouriya\n📬地址：新竹市東區關新二街108號\n☎️電話：03-5799660\n🕰營業時間：11:30–20:30；週三公休\n🚙：新莊街停車場、關新公園周邊停車格\n\n\n〰️〰️〰️〰️〰️〰️〰️〰️〰️〰️〰️〰️〰️〰️〰️\n喜歡我的貼文歡迎追蹤 👉🏻 @nu_fooddiary 👈🏻\n找更多新竹美食看這邊 👉🏻 #Nu_in_hsinchu 👈🏻\n〰️〰️〰️〰️〰️〰️〰️〰️〰️〰️〰️〰️〰️〰️〰️\n\n#日式定食 #漢堡排 #漢堡排定食 #新竹日式 #新竹定食\n#新竹美食 #竹科美食 #hsinchufood #hsinchu'),(135,'s9991016s',124,NULL,'https://www.instagram.com/p/C4AhKfKvSud/','#麵堂麵食專賣店#新竹美食\n生意超好的麵堂拉麵 位於竹蓮國小對面\n餐點中日式合併 還有像牛肉麵的拉麵？！\n店家還有獨立座位 一個人來吃也不會尷尬\n_\n▪️赤牛牛肉拉麵（辣）$175\n牛肉湯頭的拉麵 附上溏心蛋\n喜歡刀削麵口感的 麵條可以選擇水母麵\n跟牛肉麵搭在一起很好吃\n湯頭很濃郁又不鹹 我直接整碗喝光\n牛肉給的還不小而且很嫩ㄧ咬就斷\n\n▪️味噌豬排炸豬排拉麵（辣）$155\n他們的炸豬排跟一般的做法不太一樣\n裹粉調味很像炸雞排 很好吃！\n吃起來會有總在吃雞排的錯覺\n而且份量很多 不會麵吃完了豬排就沒了\n味噌的湯頭介於濃淡之間\n不是很重口味的會喜歡\n覺得豬排很好吃欸 下次來還會想點👍\n—————————\n*店家資訊*\n🏠麵堂麵食專賣店 @03_5619980\n📍新竹市東區食品路223號\n⏰11:30～14:00/17:00～20:30\n_\n🔍#瑄吃新竹\n歡迎按讚分享追蹤我➡️ @s9991016s'),(136,'eat_fooddd',125,NULL,'https://www.instagram.com/p/DDCQgGGPp9M/','#阿端吃新竹 #阿端吃正餐 #阿端吃宵夜 .\n📍和慕居食處\n📍新竹市北門街119號\n🈺16:30-0:00\n-\n▫️赤味噌拉麵：168 ▫️職人燚烤牛排丼：268\n▫️甜不辣：60 ▫️剝皮辣椒牛肉捲：45\n▫️番茄豚肉串/金針菇豚肉串：38\n▫️鹽烤雞腿肉串：55 ▫️蔥鹽雞腿肉串：60\n▫️風味蘇打：110 ▫️生啤酒：150\n-\n營業到深夜時段的平價大份量日式食堂\n餐點選擇多樣，除了有主食丼飯、拉麵、咖哩飯\n也有炸物、串燒和各種酒水\n當正餐或當宵夜都非常適合！\n「職人燚烤牛排丼」牛排肉量滿多的而且很嫩\n有肉汁的飯，飯量非常多很過癮\n「赤味噌拉麵」料多豐富\n有玉米/木耳/豆芽菜/海苔/叉燒/溏心蛋～\n帶有點台日混合的拉麵🍜\n串燒類38元起，真的是太平價了！雞肉串個人很喜歡💕\n「甜不辣」脆脆的外皮，Q彈的甜不辣很好吃\n點了吃的當然不能少了喝的啊🍻\n來杯啤酒超過癮的啦🍺\n.\n城隍廟附近大份量又平價的日式小吃\n推薦給晚餐宵夜不知道吃什麼的大家！\n絕對讓你飽餐一頓😻\n.\n#新竹美食 #新竹 #新竹食記 #新竹美食系列\n#yummyday #hsinchufood #popyummy\n#新竹美食系列 #新竹美食地圖 #新竹晚餐\n#新竹小吃 #新竹宵夜 #新竹宵夜美食\n#新竹串燒 #新竹日式 #新竹居酒屋 #新竹拉麵 #新竹丼飯\n#新竹咖喱飯 #城隍廟美食 #新竹城隍廟美食 #和慕居食處'),(137,'bao.foodaily',126,NULL,'https://www.instagram.com/p/C1jeGv3P9d6/','台中市 ｜南屯區｜麵店\n🔅 墨竹亭｜燃麵本家 台中黎明店\n想吃麵肯定會第一個想到這家超人氣麵店吧😋\n今天就來吃全台擁有多家分店的墨竹亭！\n\n每次必點就是他們的招牌#鮮蝦炒手燃麵\n一上桌就充滿令人食慾大開的香氣😋\nQ彈的麵條拌上特製的醬汁真的有夠刷嘴✨\n難怪這間店總是這麼有人氣👍🏻\n\n而且除了乾麵以外\n沒想到他們家的拉麵也挺不錯的\n湯頭鮮甜濃郁是我喜歡的口味！\n炙燒過後的叉燒也非常好吃🥰\n\n小菜部分 #紅油口水雞 超必點！\n雞肉肉質軟嫩～拌上紅油醬汁超無敵😍\n#黑椒嫩豬煲 也很特別\n椒香香氣十足✨\n\n🔸 鮮蝦抄手燃麵 $ 95\n🔸 旨味燒豚拉麵 $ 180\n🔸 黑椒嫩豬煲 $ 120\n🔸 紅油口水雞 $ 110\n🔸 炙燒煎餃子 $ 99\n🔸 五香豆乾 $ 45\n🔸 芥末白菜 $ 45\n\n📍 408台中市南屯區黎明路二段210號\n☎️ 04 2383 0300\n⏰ 11:30-20:00\n✨ 提供外送服務\n\n#台中美食 #台中美食推薦 #台中小吃 #台中午餐 #台中晚餐 #台中小吃美食 #台中麵食 #台中麵店 #墨竹亭 #墨竹亭燃麵本家 #台中美食地圖 #台中美食小吃 #新竹美食 #新竹小吃 #新竹麵店'),(138,'whatcan_28eat',127,NULL,'https://www.instagram.com/p/DAQkRuvzZrd/','-（🔜往後滑看價目表） #必收藏\n#小屋頂早午餐 #新竹北區美食\n回訪好幾次的愛店，超厚蛋餅最便宜才40元🤤\n除了擁有5顆蛋量的蛋餅，還有螞蟻人超愛的 #巧Oreo麻糬盒子 ！滿滿的巧克力醬中可以吃到牽絲的麻糬跟整塊Oreo（建議剛認識的男女朋友慎重考慮，會吃得嘴巴歐歐😂😂😂）\n\n他們家的漢堡肉很厚實，搭配大量的高麗菜絲也是一顆就飽到不行，愛吃辣的人推薦 #墨西哥勁辣起司牛堡 ，辣到很過癮😆\n\n✅建議提前預訂\n（現點現做，現場點餐需等候較久）\n✅餐點金額達標即可免費外送\n新竹市區$300、園區$600、竹北$800\n✅內用無低消\n\n—————\n\n#小屋頂早午餐\n⌚️07:00～15:00\n📍新竹市北區湳雅街207號\n📞0905-953107\nLine：@ssaaku917922\n\n#新竹美食 #新竹早餐 #新竹午餐 #新竹下午茶 #新竹蛋餅 #厚蛋蛋餅 #蛋餅 #起司蛋餅 #湳雅大魯閣美食 #湳雅大魯閣附近美食 #巨城 #巨城附近美食 #巨城美食 #新竹市美食 #銅板美食 #新竹銅板美食 #新竹平價美食'),(139,'s9991016s',128,NULL,'https://www.instagram.com/p/C5vSk7TPo-y/','#一碗#新竹美食\n喜歡吃炒飯的可以把這家收藏起來！\n炒飯很好吃 炒功非常厲害\n還有丼飯 烏龍麵 串燒 價格都蠻平價的\n營業到午夜12:00 愛吃宵夜的新選擇\n雖然離市區有點遠 但好吃還是會為了它而來\n_\n▪️翼板牛炒飯 $110\n炒飯炒的粒粒分明 不油膩\n重點是有鑊氣非常香 翼板牛很紮實不乾柴\n高麗菜和洋蔥也很脆甜\n整體份量蠻多的 全部吃完也不會膩\n這個價格非常可以！\n好久沒吃到那麼好吃的炒飯了🥰\n\n▪️雞腿丼飯 $140\n雞腿也非常厲害 肉質很嫩有汁\n外皮烤的微焦 有焦香味 調味非常好吃\n其他配菜有泡菜和高麗菜\n還有半熟蛋可以拌在飯裡很加分\n\n▪️綜合丸子湯$60\n有燕丸 貢丸 魚羹 用料很豐富\n湯頭喝起來鮮甜\n—————————\n*店家資訊*\n🏠一碗 @donburi_2023\n📍新竹市北區中山路634號1樓\n☎️0915 171 179\n⏰平日17:00～00:00\n假日11:00～14:00/17:00～00:00\n_\n🔍#瑄吃新竹\n歡迎按讚分享追蹤我➡️ @s9991016s'),(140,'tz_eat_food',129,NULL,'https://www.instagram.com/p/CfnmI5wPI67/','新竹·【二十四分之一】\n主打手作麵包漂亮的早午餐店，店內採光很好很適合喝下午茶(˶‾᷄ ⁻̫ ‾᷅˵)，食材健康又新鮮🥬想吃健康又好吃的食物就來這裡吧！\n\n·野生明蝦煙花女手工義大利麵\n$400\n據說義大利麵也是手工製成的，寬寬扁扁的麵條很Q～還有一點脆脆蝦卵做點綴，有兩隻超大明蝦🦐，麵條 吸飽了微酸酸甜甜的醬料，味道份量都很足❤️\n推薦指數：🌝🌝🌝🌝🌗\n·莎莎豬佐焦化奶油香橙醬 $400\n香甜的橙香醬搭配烤蔬果清脆爽口，粉嫩的豬肉Q彈有勁不會乾硬，莎莎醬也很清爽，甜甜鹹鹹的很特別～\n推薦指數：🌝🌝🌝🌝🌘\n·達利的麵包籃 $240\n總共有5種麵包，有肉桂捲、吐司、菠蘿等都是現烤出爐，還有附上奶油/藍莓/油醋醬，不管沾那種都好好吃🤤\n推薦指數：🌝🌝🌝🌝🌖\n再訪意願：🌝🌝🌝🌝🌗\n📍302新竹縣竹北市文興路51號\n營業時間：9:00-17:30\n\n#新竹美食 #新竹餐廳 #新竹 #新竹食物 #新竹美食系列 #新竹美食地圖 #新竹美食推薦 #新竹美食吃透透 #新竹小吃 #新竹必吃 #新竹飲料 #新竹市 #新竹一日遊 #新竹東區 #新竹不是美食沙漠 #新竹市美食 #新竹都城隍廟 #新竹早午餐 #新竹早餐 #早餐店 #早午餐 #肉桂捲 #司康 #義大利麵 #麵包 #手工麵包 #二十四分之一早午餐手作麵包 #二十四分之一'),(141,'shan.shan_food',130,NULL,'https://www.instagram.com/p/C1CRfjIv1Bh/','【📍泰銷魂｜新竹】\n#新竹美食 #必須收藏\n\n想吃道地泰式料理來「泰銷魂」就對了！🇹🇭\n老闆為了把泰國最道地的美味的帶給客人\n所以辣度、甜度、冰塊都是不能調整的哦～\n\n如果你愛吃泰式這間一定要收藏👍🏻\n地點就在巨城附近的三民路上 ～\n\n⋯⋯⋯⋯⋯⋯⋯⋯⋯\n▪️月初雙人套餐 $1499\n▪️鳳梨炒飯 $480\n⋯⋯⋯⋯⋯⋯⋯⋯⋯\n\n套餐包含\n（涼拌, 兩份主食, 炸/烤物, 時蔬, 飲料*2, 冰淇淋*2）\n\n◍涼拌海鮮\n海鮮都很新鮮～QQ的很好吃\n酸酸甜甜非常開胃！辣度大概在小辣\n\n◍綠咖哩雞\n裡面有綠辣椒 泰國圓茄 香茅 檸檬葉\n口味香辣濃郁 帶點微微的椰奶甜味\n調味鮮明有特色 非常下飯呢～\n不過這道很辣！怕辣的朋友要斟酌喔🫶🏻\n\n◍金沙軟殼蟹\n軟殼蟹外層裹上滿滿的金沙鹹蛋黃\n整體口味蠻重的 需搭配下面的米餅一起吃\n\n◍炸物拼盤（升級全蝦餅＋$130)\n蝦餅超好吃耶！外皮炸得很酥脆\n內餡非常飽滿 幾乎每口都吃得到蝦肉\n推薦大家都升級全蝦餅😂😂\n\n◍蝦醬時蔬\n高麗菜搭配蝦醬 吃起來完全不油膩～\n\n◍ 冰淇淋\n居然用椰子殼裝 好可愛！\n選了「優格」和「開心果」口味\n口感很特別 介於雪酪和冰淇淋之間\n吃起來清爽綿密 不會太甜膩 很好吃ㄛ😋\n\n◍飲品\n「泰式奶茶」使用泰國手標泰式紅茶沖泡\n為了呈現最道地的風味 不能調整甜度、冰塊哦～\n另外有提供免費加奶蓋 愛奶蓋的朋友可以嘗試！\n\n「雷蒙蘇打蝶豆花」長得超漂亮～\n喝起來很清爽 剛好搭配前面重口味的餐點\n\n#鳳梨炒飯\n直接用鳳梨裝 超霸氣！！\n炒飯裡面有香腸切丁鳳梨腰果葡萄乾\n泰國米粒粒分明 還帶濃郁的薑黃味\n也可以搭配旁邊附的肉鬆或蝦仁一起吃呦～\n\n\\ 新菜色 /\n\n🌟火山排骨（中份2-4人）$680\n🌟火山排骨（大份6-8人）$880\n（新竹三民店、竹北嘉政店 每日皆各限量𝟭𝟬份）\n\n新竹也吃得到泰國有名的火山排骨！！\n肉質不會柴～底下湯頭辣辣的 吃起來好過癮\n想吃肉肉的快揪朋友一起來吃吧 🥳\n\n🔉過年期間訂位已經開始囉～\n過年要訂餐廳的朋友快快預訂吧！\n\n- -\n\n《 泰銷魂-新竹三民店 》\n🔍 @thai_ecstasy2\n🕒 平日 11:00-14:00/17:30-21:00\n假日11:30-14:30/17:30-21:00(公休見粉專)\n🏠 新竹市東區三民路92號\n☎️ 03-5152392\n\n《 泰銷魂-竹北嘉政店 》\n🔍 @thai_ecstasy\n🕒 平日 11:00-14:00/17:30-21:00(公休見粉專)\n🏠 新竹縣竹北市嘉政七街73號\n☎️ 03-6685258\n\n———————(,,Ծ‸Ծ,, )————————\n🏷️ #仙人掌食新竹🌵\n追蹤 @shan.shan_food 新竹美食不漏追～\n————————————————————\n\n#泰銷魂 #新竹美食 #新竹泰式 #新竹午餐 #新竹晚餐 #新竹市區 #新竹市區美食 #新竹聚餐餐廳 #新竹巨城 #巨城美食 #新竹必吃 #hsinchu #hsinchufood'),(142,'f_ooood_',131,NULL,'https://www.instagram.com/p/C0yzXE0v-As/','#4點8坪 #新竹美食\n\n東門市場的韓式料理小店⋆｡𖦹°˚ ༘⋆｡˚\n\n4.8坪位於東門市場 大同路側出口\n販售著韓式拌飯、煎餅、生菜包肉等韓式料理\n從開幕至今也陸陸續續回訪過非常多次\n應該是我在東門市場最常吃的店⋯⋯！\n\n▪️牛肉拌飯 $220\n▪️豬肉拌飯 $220\n▪️鮭魚拌飯 $280\n▪️魚板蘿蔔湯 $120\n▪️馬鈴薯牛腩湯 $260\n▪️生菜包肉 $280\n\n拌飯有很多種口味 點一碗就能吃很飽\n有豆芽菜、紅蘿蔔、泡菜、生菜、海苔等配菜\n上面還有一顆荷包蛋 整體吃起來非常豐富\n其中最喜歡的還是牛肉口味的\n\n另外我最愛的還是馬鈴薯牛腩湯\n馬鈴薯燉至軟綿 牛腩大塊但很好咬\n有點微微辣的重口味 搭配白飯一起吃超級下飯！\n尤其冬天真的很適合來一碗暖暖的湯\n\n魚板蘿蔔湯有三串魚板\n會放在茶壺中 很有韓式的感覺\n生菜包肉也很適合點來一起分食噢\n\n雖然口味上好像不是最道地的韓式\n不過我還是很喜歡 應該也很多人喜歡\n畢竟開了這麼多年生意還是很好\n\n店內座位不多 室外比較多一些\n不過最近都12月了坐戶外還是會有點熱><\n大部分人應該還是以外帶為主\n點拌飯一大碗帶回家吃也很方便！\n\n★ 煎餅晚餐時段才有供應哦\n\n#好想要吃新竹ㄛ #好想要吃午晚餐ㄛ\n-\n\n［ 4.8坪 ］\n\n📍 新竹市東區大同路88號\n☎️ 03-525-0885\n⏰ 11:30～14:00 17:30～22:00（週一公休）\n\n#新竹美食 #新竹 #新竹景點 #新竹餐廳 #新竹小吃 #新竹美食系列 #新竹旅遊 #新竹東門市場 #新竹東門市場美食 #東門市場 #東門市場美食 #東門市場4點8坪'),(143,'sophiahsiao',132,NULL,'https://www.instagram.com/p/DAkxPWWTu3u/','#在新竹遇見蕭\n\n步行，是開啟一座城市最自在的方式。\n\n打開地圖搜尋新竹一些落腳地，\n39A，簡直完美存在。\n\n新竹火車站步行可達。\n風格、餐點，都是喜歡的樣子。\n\n新竹的一個人旅行，就從39A開始吧。\n\n@39a_2014\n\n▫️新竹市東區南門街29-1號\n▫️營業時間 11:00-17:00\n\n_\n#新竹 #新竹美食 #新竹咖啡廳 #新竹早午餐'),(144,'nu_fooddiary',133,NULL,'https://www.instagram.com/p/C9KcMYPPBBg/','🍮萃萃咖啡 ·新竹尖石\n\n\n在尖石半山腰的這間【 #萃萃咖啡 】\n距離內灣老街只需約5分鐘車程，\n這次一併來解鎖了咖啡廳和他們新開的民宿 #棲林\n（之後會發一篇民宿的介紹文✨）\n這裡空間寬敞、餐點又好吃！我有夠喜歡！\n而且還有一隻店貓『卡比』可以嚕🤭\n\n\n附近有內灣老街、馬胎古道、青蛙石步道等景點，\n也有許多間溫泉會館，四季來都可以～\n很適合週末想暫離市區放空的新竹朋朋們💖\n\n\n■ 紅酒燉牛肉佐手工麵包350\n■ 瑪格麗特披薩280\n■ 起司馬鈴薯烘蛋180\n\n萃萃的麵包和披薩餅皮都是自家新鮮手工製作，\n口感紮實有嚼勁的雜糧麵包和白麵包\n不管單吃或是沾著香料味濃郁的紅酒燉牛肉都很好吃，\n而且份量很大，很有飽足感！\n\n『瑪格麗特披薩』\n使用新鮮蕃茄和兩種莫札瑞拉起司製作，\n剛上桌熱騰騰的起司還會牽絲，有夠欠吃🤤\n\n『起司馬鈴薯烘蛋』更是一個超討喜不會錯的組合，\n綿密的馬鈴薯泥，蓋著厚厚一層金黃上色的起司，\n再打上一顆太陽蛋，保證大人小孩都搶著吃～\n\n\n■ 特製軟嫩布丁100\n之前在忠孝大潤發附近的kawa cafe\n認識了闆娘 @dollydollyhu\n才知道原來尖石這間有名的萃萃也是他們家開的，\n當時就被他獨門配方的軟嫩布丁給大圈粉💛\n大家有來到山上千萬也別忘記要點一顆！！\n\n\n■ 白玉芝麻拿鐵200\n■ 肉桂雪球拿鐵190\n這裡連飲品的口味都看得出來有用心，\n我個人很喜歡那款肉桂雪球拿鐵，\n濃縮咖啡加入了一顆圓滾滾的香草冰淇淋，\n撒上肉桂粉和肉桂枝點綴，\n雖然甜度偏高，比起咖啡更像飲料，\n肉桂控我本人有夠愛～下次來一定還會再點🥰\n\n\n\n📍店家： @tsui_cafe2020\n📬地址：新竹縣尖石鄉竹60鄉道151號\n☎️電話：0902-173539\n🕰營業時間：平日12:00–17:00、週末11:30–18:00\n🚙：店家附停車空地\n🐶：寵物友善，需牽繩或提籠\n\n\n〰️〰️〰️〰️〰️〰️〰️〰️〰️〰️〰️〰️〰️〰️〰️\n喜歡我的貼文歡迎追蹤 👉🏻 @nu_fooddiary 👈🏻\n找更多新竹美食看這邊 👉🏻 #Nu_in_hsinchu 👈🏻\n〰️〰️〰️〰️〰️〰️〰️〰️〰️〰️〰️〰️〰️〰️〰️\n\n\n\n#新竹咖啡廳 #新竹美食 #新竹旅遊 #新竹景點\n#尖石 #內灣老街 #hsinchufood #hsinchu'),(145,'_cc.foodie_',134,NULL,'https://www.instagram.com/p/DCRFHG9ved1/','新竹｜昆瓊發 布帳馬車·포장마차\n東門市場好吃的+1🫰🏻\n-\n📍牛肉豆腐煲 $210\n份量很夠！牛肉也蠻多的😻\n湯頭濃郁 個人很愛🫶🏻🫶🏻🫶🏻\n\n📍洋釀拌飯-牛 $190\n超級大碗欸！根本可以兩個人一起吃的那種\n以這個價格來說CP值很可以～～\n\n📍辣炒年糕+起司瀑布 $115\n年糕很好吃～～辣度剛剛好 沒有到超級辣（大概小辣）\n起司的部分我覺得還好 有醬可以沾 不一定要加\n\n從試營運時就很想來的布帳馬車！\n店家佈置風格非常道地🤣整體來說很好吃～\n可惜那天22:00才到\n不然看大家的照片拍出來很有布帳馬車的味道！\n下次還想試看看魚板🤩\n以後來東門市場又多一個選擇了✌🏻\n\n-店家資訊\n\n📌新竹市東區東門市場1050攤號\n⚠️週三週四公休\n\n#新竹 #新竹美食 #新竹小吃 #新竹美食系列 #韓式 #韓式料理 #布帳馬車 #昆瓊發布帳馬車 #新竹韓式料理 #東門市場 #東門市場美食 #🇰🇷 #ccㄔ新竹');
/*!40000 ALTER TABLE `post` ENABLE KEYS */;
UNLOCK TABLES;

--
-- Table structure for table `restaurant`
--

DROP TABLE IF EXISTS `restaurant`;
/*!40101 SET @saved_cs_client     = @@character_set_client */;
/*!50503 SET character_set_client = utf8mb4 */;
CREATE TABLE `restaurant` (
  `restaurant_id` int NOT NULL AUTO_INCREMENT,
  `name` varchar(50) CHARACTER SET utf8mb3 COLLATE utf8mb3_general_ci NOT NULL,
  `address` varchar(50) CHARACTER SET utf8mb3 COLLATE utf8mb3_general_ci DEFAULT NULL,
  `contact_number` char(10) DEFAULT NULL,
  PRIMARY KEY (`restaurant_id`)
) ENGINE=InnoDB AUTO_INCREMENT=135 DEFAULT CHARSET=utf8mb4 COLLATE=utf8mb4_0900_ai_ci;
/*!40101 SET character_set_client = @saved_cs_client */;

--
-- Dumping data for table `restaurant`
--

LOCK TABLES `restaurant` WRITE;
/*!40000 ALTER TABLE `restaurant` DISABLE KEYS */;
INSERT INTO `restaurant` VALUES (1,'Mr.Pa 帕先生 餐‧廚（高雄-華榮店）','高雄市鼓山區華榮路7號, Kaohsiung, Taiwan 804','75530105'),(2,'永和小籠湯包','鹽埕區鹽埕街33號, 高雄市, 高雄市 803','75213852'),(3,'北大港原盅燉鴨湯','高雄市三民區鼎山街505號, Kaohsiung, Taiwan 807','73955588'),(4,'馥涎贊鹽酥雞Since1999','807752','73160362'),(5,'麥味登','413','424713028'),(6,'麺匠飛鳥拉麵','','72230065'),(7,'瑞豐夜市 李記蔥抓餅','左營區南屏路瑞豐夜市第13排, Kaohsiung, Taiwan 804',''),(8,'寧寧港式宵夜','高雄市三民區建國二路17號, Kaohsiung, Taiwan 807','968998780'),(9,'顏記鮮魚湯','高雄市左營區自由三路261號, Kaohsiung, Taiwan 813','73413141'),(10,'高雄龍華市場','左營區富國路60號, 高雄市 813','75583825'),(11,'有樹食 - 高雄文忠店','804','75526080'),(12,'台灣高鐵左營站 THSR Zuoying Station','高雄市左營區高鐵路105號, Kenting, T\'Ai-Wan, Taiwan 813',''),(13,'滿足麻奶鍋','三民區熱河一街97號, Sanmin District, Kaohsiung City 807','901129345'),(14,'奇奇老闆','苓雅區林森三路193巷19號, Kaohsiung, Taiwan','974288193'),(15,'信義區商圈','臺北市信義區, Taipei, Taiwan 110',''),(16,'普耕寶荳素食小館 - 台南崇道本鋪','台南市東區崇道路27&29號, Tainan, Taiwan 701','62680222'),(17,'VASO 弘-肉燥飯舖 安平店','永華路一段309號, 台南市 700','62952390'),(18,'醇涎坊鍋燒意麵','700','62215033'),(19,'歐野基 老丼直制所','中西區赤崁東街18號, Tainan, Taiwan 700','62216322'),(20,'白露拉麵 bailu ramen','中西區城隍街50號, 台南市 700',''),(21,'桂蘭 Guilan','中西區西門路二段365巷1號, 台南市 70053',''),(22,'Kula','','919861932'),(23,'麥謎食驗室 Bue mi .Lab','700',''),(24,'晚點見面','',''),(25,'小巷裡的拾壹號-自家烘焙咖啡店','台南市中西區衛民街143巷11號, Tainan, Taiwan 700','62203779'),(26,'Tainan','700-745','973950992'),(27,'張家雞魯飯','東區城東街80號, 台南市','935404227'),(28,'YAYOI 彌生軒','新北市板橋區縣民大道二段7號2樓, New Taipei City',''),(29,'二男家 家系拉麺','北區公園路928號, Tainan, Taiwan 704','910559062'),(30,'小董牛肉湯.爐','台南市北區小東路157號, 台南市 704','967022143'),(31,'昱品鐵板燒','北園街93號, Tainan, Taiwan 704','903875315'),(32,'澪三酒食','東區崇明路115號, 臺南市 701','903868863'),(33,'有你真好 火鍋沙龍','中西區民生路二段175號, Tainan, Taiwan 700','62233598'),(34,'林來 牽絲餅','公園南路127號, 台南市 704',''),(35,'一起吧','永福路二段155號, Tainan, Taiwan','978701780'),(36,'MLD台鋁','前鎮區忠勤路8號, 高雄市 806','75365388'),(37,'nana\'s green tea Taiwan','813678','75555121'),(38,'老厝一九三三','台南市中西區北門路一段51巷27號, Tainan, Taiwan 700','62221466'),(39,'老泰羊肉店','台南市中西區青年路206號, 台南市 700','62262344'),(40,'Umm Umm','中西區大勇街4-1號, Tainan, Taiwan 700',''),(41,'村佶 韓式豬肉湯飯','708','62935888'),(42,'島旅·brunch','台南市東區復興里裕文路22巷2號, 台南市 701','62671139'),(43,'泰興麵館','台南市北區忠義路3段31號, 台南市 704',''),(44,'可香巢','700','62151527'),(45,'FishtailHome','台南市永康區中山南路134號, Tainan, Taiwan 710','968908136'),(46,'毒くDokuku','公園南路222巷23號, 台南市',''),(47,'神農街','',''),(48,'台南市公有零售市場友愛市場','友愛街, Tainan, Taiwan 700','62220906'),(49,'Chun純薏仁。甜點。','友愛街115巷7號, Tainan, Taiwan 70059','62208910'),(50,'L i a n g J i a 亮家','北區開元路148巷101弄1號, Tainan, Taiwan 704','913855505'),(51,'丹瓦樓','台南市北區海安路三段51號, 台南市 70458','62220707'),(52,'好運燒肉','台中市西區五權西六街20巷15號 , 台中市 403','989241988'),(53,'麵屋清流','台灣大道二段48號, Taichung, Taiwan 403',''),(54,'Tor Dāy','403','978600620'),(55,'掰哩掰哩 韓食料理','大墩十街75號, West District 40356','423205028'),(56,'伴蒔Ban shi','美村路一段102巷2弄1號, 臺中市西區 403632','423266684'),(57,'秋分Qiūfēn Cuisine','台中市西區公正路156巷19號1樓, 台中市 403','958668019'),(58,'迴香 Savory Curry','明義街47號, 台中市 403','423266068'),(59,'金町 深夜酒食居','中區台灣大道一段376號, 台中市 400','422255567'),(60,'Tomorrow Coffee Roasters','南屯區干城街198巷20號, 台中市 408','422517386'),(61,'Sozai Taichung','美村路一段133巷22號2樓, 台中市 403','423260423'),(62,'三元花園韓式餐廳 台中店 삼원가든 Samwon Garden','西屯區台灣大道四段1962號, Taichung, Taiwan 407','423594066'),(63,'李海魯肉飯','400','422255513'),(64,'山菜一湯 - 手作飯糰專門店','中區中山路80號, 台中市 400','422280328'),(65,'雙子村','黎明路二段75號, 臺中市南屯區 408','423828820'),(66,'Funin Cafe 放映咖啡','台中市北區自強街33巷16號, North District, Taichung 404','423605362'),(67,'夜葉食堂文心店','西屯區文心路三段62號, Taichung, Taiwan 407','423172221'),(68,'逢甲夜市(逢甲商圈)','文華路, Taichung, Taiwan 407','422289111'),(69,'桐生日式可麗餅','北區一中街179巷1號, Taichung, Taiwan 404','422252665'),(70,'光復新村 GuangFu Village','霧峰區和平路2-3號, Taichung, Taiwan 413',''),(71,'千璽 鶏パイタン專門','西屯區文心路三段66號, 台中市 40748','938998977'),(72,'台中李記麻糬','台中市北區西屯路一段399號, North District 404','423239172'),(73,'好吃河粉','台中市北區太平路129號, North District','930733363'),(74,'小滬春','406','422421088'),(75,'Atipic 亞提法式餐廳','台中市西屯區重慶路141之3號, Taichung, Taiwan 407','423164891'),(76,'西濱蛋炒飯','南區忠孝路81之1號, Taichung, Taiwan 402','987303215'),(77,'麵對麵','青海路一段140號, Taichung, Taiwan 407','423117575'),(78,'Frenchie Frenchie','西屯區文心路二段636號1樓, Taichung, Taiwan 407','423107989'),(79,'山禾堂拉麵台中店','大里區德芳路二段155之2號, Taichung, Taiwan 41262','424063533'),(80,'炎香樓','西區精誠八街12巷2號, Taichung, Taiwan 40361','423299968'),(81,'Black 韓 Noodle','407',''),(82,'發愣吃 VARMT - 勤美店','西區公正路133號, West District, Taichung 403','958053182'),(83,'哇嘎哩','臺灣406台中市北屯區松竹路二段107巷68號, Taichung, Taiwan 433','925991015'),(84,'爽爽麻辣干鍋','德化街426號, 臺中市北區 404',''),(85,'麻角 鍋專門','','423766169'),(86,'田樂三店','台中市北區健行路425巷3號, NORTH DISTRICT',''),(87,'Daily112日日好食.歐法料理','西區柳川西路二段112號, Taichung, Taiwan','423720728'),(88,'麵屋海鳴','中山路48號, 台中市 400',''),(89,'Phase Coffee Roasters','中山路119號, Central District, Taichung 400002','955113878'),(90,'RISO RISO 里頌地中海餐酒館','向上路一段79巷56號, Taichung, Taiwan 403','423016599'),(91,'牛谷飲食店-牛肉麵專賣','台中市西區公正路154-1號, West District, Taichung 403','908890808'),(92,'台中拉麵 盡心亭Heart&soul','五常街60號, Taichung, Taiwan 404','422060356'),(93,'蘇媽媽湯圓（漢口店）','漢口路四段276號, Taichung, Taiwan 40449','422361184'),(94,'禾間糧倉','','423219037'),(95,'元金小六鍋貼','407','423160520'),(96,'桿式-牛肉麵水餃專門店','西屯區福順路878號, Taichung, Taiwan 407','424627286'),(97,'龍華閣川味牛肉麵水餃','西區英才路468號, Taichung, Taiwan 403','423290248'),(98,'酸小七｜酸湯魚 Suan Tang Yu','南屯區五權西路二段518-1號, 台中市 408','423893909'),(99,'那ㄧ間日式串燒居酒屋','北屯區綏遠路二段52-1號, Taichung, Taiwan 406','422372856'),(100,'艸藴','和平西路一段81號, Taipei, Taiwan 100','223563736'),(101,'台北101大樓','110台北市信義區市府路45號, Taipei, Taiwan 110',''),(102,'好想吃冰 かき氷 / 日式蔬食','大同區赤峰街7號, Taipei, Taiwan 103','225580653'),(103,'龍鱗拉麵','臺北市大同區承德路二段一巷8號, 台北市 103','225592228'),(104,'曼谷市場泰式小吃','東區三民路31號, Hsinchu, Taiwan 300','35355303'),(105,'Garden Party Restaurant','新竹市金山六街六巷二號, Hsinchu, Taiwan 300','36661717'),(106,'穗稻忠武｜日式定食•肉專門','新竹市東區南市里勝利路131號, 新竹市 300','978902405'),(107,'荒節小料理','300新竹市東區關新二街108號, 新竹市 300','35799660'),(108,'新竹_竹北','',''),(109,'麻辣誘惑麻辣燙','東南街86號, 新竹市 300','976610336'),(110,'幽靈馬車小吃店','',''),(111,'Yenitte','竹北市光明十街161號1樓, 新竹市 302',''),(112,'Pasta de Show / パスタでしょう / 義大利生麵廚房','臺灣 新竹市新莊街206巷18號, 新竹市 300','35776557'),(113,'玖仰茶食文化','永康街9-1號, Da-an District, Taipei 106','223581613'),(114,'川炁 飯麵館','新竹縣竹北市莊敬六街109號, 新竹縣竹北市 302','36585544'),(115,'幸福客家麵食館','光復路2段171號, Hsinchu, Taiwan','35160118'),(116,'山上村 hill cafe','苗栗縣三灣鄉北埔村下林坪3鄰52號, 苗栗市 352021','972258010'),(117,'蘭英拌麵所','新竹縣竹北市勝利十一路157號, Zhubei 302','36681345'),(118,'東門市場','','35261735'),(119,'阿美泰泰','民權路120號1F, Hsinchu, Taiwan 300','35420180'),(120,'森窯 have a Picnic','','958806022'),(121,'新光三越 高雄左營店','高雄市左營區高鐵路123號, 高雄市 813','73469999'),(122,'時覓sumi。海鮮丼飯專門店','新竹市北區平和街32號, 新竹市 30041','35260585'),(123,'SUN BERNO 光焙若蔬食 新竹巨城店','',''),(124,'麵堂麵食專賣店','新竹市食品路223號, Hsinchu, Taiwan 300','35619980'),(125,'和慕居食處','新竹市北區北門街119號, 新竹市 300','+35278992'),(126,'墨竹亭 台中黎明店','黎明路一段993號, Taichung, Taiwan 408','423898767'),(127,'小屋頂早午餐（新竹市區150元即可外送，其它地區需詢問）','湳雅街207號, 新竹市 300','905953107'),(128,'一碗','中山路634號一樓, 新竹市 300',''),(129,'二十四分之一 早午餐 手作麵包','新竹縣竹北市文興路51號, Hsinchu, Taiwan 302','36673168'),(130,'泰銷魂-新竹三民店','三民路92號1樓, Hsinchu, Taiwan 300','35152392'),(131,'東門市場-4.8坪','新竹市大同路88號, Hsinchu, Taiwan 30042','35250885'),(132,'39A','南門街29-1號, 新竹市 300',''),(133,'萃萃咖啡商號','',''),(134,'昆瓊發 布帳馬車｜韓國街頭料理 · 東門市場 · 포장마차','新竹市東區東門市場1050攤號, 新竹市 300','');
/*!40000 ALTER TABLE `restaurant` ENABLE KEYS */;
UNLOCK TABLES;

--
-- Table structure for table `user`
--

DROP TABLE IF EXISTS `user`;
/*!40101 SET @saved_cs_client     = @@character_set_client */;
/*!50503 SET character_set_client = utf8mb4 */;
CREATE TABLE `user` (
  `user_id` int NOT NULL AUTO_INCREMENT,
  `username` varchar(50) NOT NULL,
  `password` varchar(50) NOT NULL,
  `email` varchar(50) DEFAULT NULL,
  `address` varchar(50) CHARACTER SET utf8mb3 COLLATE utf8mb3_general_ci DEFAULT NULL,
  `gender` char(6) DEFAULT NULL,
  `birthday` timestamp NULL DEFAULT NULL,
  PRIMARY KEY (`user_id`)
) ENGINE=InnoDB AUTO_INCREMENT=2 DEFAULT CHARSET=utf8mb4 COLLATE=utf8mb4_0900_ai_ci;
/*!40101 SET character_set_client = @saved_cs_client */;

--
-- Dumping data for table `user`
--

LOCK TABLES `user` WRITE;
/*!40000 ALTER TABLE `user` DISABLE KEYS */;
INSERT INTO `user` VALUES (1,'john_doe','password123','new_email@example.com','123 Street','male','1989-12-31 16:00:00');
/*!40000 ALTER TABLE `user` ENABLE KEYS */;
UNLOCK TABLES;
/*!40103 SET TIME_ZONE=@OLD_TIME_ZONE */;

/*!40101 SET SQL_MODE=@OLD_SQL_MODE */;
/*!40014 SET FOREIGN_KEY_CHECKS=@OLD_FOREIGN_KEY_CHECKS */;
/*!40014 SET UNIQUE_CHECKS=@OLD_UNIQUE_CHECKS */;
/*!40101 SET CHARACTER_SET_CLIENT=@OLD_CHARACTER_SET_CLIENT */;
/*!40101 SET CHARACTER_SET_RESULTS=@OLD_CHARACTER_SET_RESULTS */;
/*!40101 SET COLLATION_CONNECTION=@OLD_COLLATION_CONNECTION */;
/*!40111 SET SQL_NOTES=@OLD_SQL_NOTES */;

-- Dump completed on 2024-12-27 22:22:33
